fact id,fact,explanation,sparsity,fidelity,uncertainty,exceptionality,gen_time
1,"[2, 1, 25, 1, 30, 6, 8, 0, 14, 3, 30, 6, 0, 0, 6, 0, 30, 7, 7, 0, 14, 1, 30, 5, 9, 0, 14, 3, 30, 5, 1, 0, 6, 1, -15, 3, 1]","[2, 2, 1, 4, 30, 10, 3, 0, 13, 0, 30, 6, 0, 0, 6, 1, 30, 6, 7, 0, 13, 0, 30, 2, 11, 0, 13, 0, 30, 7, 1, 0, 8, 1, -15, 3, 1]",1.0,0.9860143518641393,0.1,1.0,127.71247553825378
3,"[2, 1, 19, 0, 30, 3, 10, 0, 13, 2, 30, 5, 3, 0, 8, 0, 30, 4, 9, 0, 13, 5, 30, 4, 9, 0, 13, 4, 30, 8, 1, 0, 9, 1, -15, 3, 1]","[2, 2, 1, 0, 30, 9, 6, 0, 15, 2, 30, 6, 0, 0, 6, 1, 30, 2, 13, 0, 15, 0, 30, 10, 5, 0, 15, 0, 30, 6, 3, 0, 9, 1, -15, 3, 1]",1.0,0.9651617441752898,1.0,1.0,126.96547245979309
3,"[2, 1, 19, 0, 30, 3, 10, 0, 13, 2, 30, 5, 3, 0, 8, 0, 30, 4, 9, 0, 13, 5, 30, 4, 9, 0, 13, 4, 30, 8, 1, 0, 9, 1, -15, 3, 1]","[2, 2, 1, 0, 30, 9, 6, 0, 15, 2, 30, 6, 0, 0, 6, 1, 30, 2, 13, 0, 15, 0, 30, 10, 5, 0, 15, 0, 30, 6, 3, 0, 9, 1, -15, 3, 1]",1.0,0.9847807632106568,0.3,1.0,126.96547245979309
3,"[2, 1, 19, 0, 30, 3, 10, 0, 13, 2, 30, 5, 3, 0, 8, 0, 30, 4, 9, 0, 13, 5, 30, 4, 9, 0, 13, 4, 30, 8, 1, 0, 9, 1, -15, 3, 1]","[2, 2, 1, 0, 30, 9, 6, 0, 15, 2, 30, 6, 0, 0, 6, 1, 30, 2, 13, 0, 15, 0, 30, 10, 5, 0, 15, 0, 30, 6, 3, 0, 9, 1, -15, 3, 1]",1.0,0.9883909289696569,0.2,1.0,126.96547245979309
3,"[2, 1, 19, 0, 30, 3, 10, 0, 13, 2, 30, 5, 3, 0, 8, 0, 30, 4, 9, 0, 13, 5, 30, 4, 9, 0, 13, 4, 30, 8, 1, 0, 9, 1, -15, 3, 1]","[2, 2, 1, 0, 30, 9, 6, 0, 15, 2, 30, 6, 0, 0, 6, 1, 30, 2, 13, 0, 15, 0, 30, 9, 6, 0, 15, 0, 30, 6, 3, 0, 9, 1, -15, 3, 1]",1.0,0.9997998796676888,0.1,1.0,126.96547245979309
3,"[2, 1, 19, 0, 30, 3, 10, 0, 13, 2, 30, 5, 3, 0, 8, 0, 30, 4, 9, 0, 13, 5, 30, 4, 9, 0, 13, 4, 30, 8, 1, 0, 9, 1, -15, 3, 1]","[2, 2, 1, 0, 30, 9, 6, 0, 15, 2, 30, 6, 0, 0, 6, 1, 30, 2, 13, 0, 15, 0, 30, 10, 5, 0, 15, 0, 30, 6, 3, 0, 9, 1, -15, 3, 1]",1.0,0.9838782752897015,0.4,1.0,126.96547245979309
3,"[2, 1, 19, 0, 30, 3, 10, 0, 13, 2, 30, 5, 3, 0, 8, 0, 30, 4, 9, 0, 13, 5, 30, 4, 9, 0, 13, 4, 30, 8, 1, 0, 9, 1, -15, 3, 1]","[2, 2, 1, 0, 30, 9, 6, 0, 15, 2, 30, 6, 0, 0, 6, 1, 30, 2, 13, 0, 15, 0, 30, 10, 5, 0, 15, 0, 30, 6, 3, 0, 9, 1, -15, 3, 1]",1.0,0.9746580004582426,0.6,1.0,126.96547245979309
4,"[2, 2, 35, 1, 30, 8, 5, 0, 13, 4, 30, 2, 0, 0, 2, 1, 30, 2, 11, 0, 13, 0, 30, 1, 12, 0, 13, 6, 30, 8, 0, 0, 8, 1, -15, 3, 1]","[2, 2, 1, 0, 30, 11, 5, 0, 16, 0, 30, 10, 0, 0, 10, 2, 30, 5, 11, 0, 16, 0, 30, 6, 10, 0, 16, 0, 30, 7, 3, 0, 10, 1, -15, 3, 1]",1.0,0.8207806274508225,0.1,1.0,129.64743280410767
5,"[2, 2, 18, 1, 30, 8, 0, 0, 8, 2, 30, 4, 0, 0, 4, 0, 30, 2, 6, 0, 8, 0, 30, 7, 1, 0, 8, 1, 30, 5, 0, 0, 5, 1, -15, 3, 1]","[2, 2, 1, 0, 30, 9, 7, 0, 16, 2, 30, 8, 0, 0, 8, 1, 30, 2, 14, 0, 16, 0, 30, 10, 6, 0, 16, 0, 30, 7, 1, 0, 8, 1, -15, 3, 1]",1.0,0.9964891045909214,0.1,1.0,135.32643294334412
5,"[2, 2, 18, 1, 30, 8, 0, 0, 8, 2, 30, 4, 0, 0, 4, 0, 30, 2, 6, 0, 8, 0, 30, 7, 1, 0, 8, 1, 30, 5, 0, 0, 5, 1, -15, 3, 1]","[2, 2, 1, 0, 30, 9, 7, 0, 16, 1, 30, 8, 0, 0, 8, 1, 30, 2, 14, 0, 16, 0, 30, 10, 6, 0, 16, 0, 30, 7, 1, 0, 8, 1, -15, 3, 1]",1.0,0.9925326177977342,0.2,1.0,135.32643294334412
5,"[2, 2, 18, 1, 30, 8, 0, 0, 8, 2, 30, 4, 0, 0, 4, 0, 30, 2, 6, 0, 8, 0, 30, 7, 1, 0, 8, 1, 30, 5, 0, 0, 5, 1, -15, 3, 1]","[2, 2, 1, 0, 30, 9, 7, 0, 16, 1, 30, 8, 0, 0, 8, 1, 30, 2, 14, 0, 16, 0, 30, 10, 6, 0, 16, 0, 30, 7, 1, 0, 8, 1, -15, 3, 1]",1.0,0.9877970875338927,0.5,1.0,135.32643294334412
5,"[2, 2, 18, 1, 30, 8, 0, 0, 8, 2, 30, 4, 0, 0, 4, 0, 30, 2, 6, 0, 8, 0, 30, 7, 1, 0, 8, 1, 30, 5, 0, 0, 5, 1, -15, 3, 1]","[2, 2, 1, 0, 30, 9, 7, 0, 16, 2, 30, 8, 0, 0, 8, 1, 30, 2, 14, 0, 16, 0, 30, 10, 6, 0, 16, 0, 30, 7, 1, 0, 8, 1, -15, 3, 1]",1.0,0.9032873824208341,0.7,1.0,135.32643294334412
5,"[2, 2, 18, 1, 30, 8, 0, 0, 8, 2, 30, 4, 0, 0, 4, 0, 30, 2, 6, 0, 8, 0, 30, 7, 1, 0, 8, 1, 30, 5, 0, 0, 5, 1, -15, 3, 1]","[2, 2, 1, 0, 30, 9, 7, 0, 16, 1, 30, 8, 0, 0, 8, 1, 30, 2, 14, 0, 16, 0, 30, 10, 6, 0, 16, 0, 30, 7, 1, 0, 8, 1, -15, 3, 1]",1.0,0.9921590947859551,0.4,1.0,135.32643294334412
7,"[2, 2, 24, 0, 30, 5, 1, 0, 6, 2, 30, 3, 1, 0, 4, 5, 30, 6, 0, 0, 6, 0, 30, 1, 5, 0, 6, 2, 30, 4, 0, 0, 4, 1, -15, 3, 1]","[2, 2, 1, 5, 30, 8, 4, 0, 12, 0, 30, 6, 0, 0, 6, 1, 30, 6, 6, 0, 12, 0, 30, 1, 11, 0, 12, 0, 30, 4, 2, 0, 6, 1, -15, 3, 1]",1.0,0.9835715906448923,0.1,1.0,129.5554392337799
7,"[2, 2, 24, 0, 30, 5, 1, 0, 6, 2, 30, 3, 1, 0, 4, 5, 30, 6, 0, 0, 6, 0, 30, 1, 5, 0, 6, 2, 30, 4, 0, 0, 4, 1, -15, 3, 1]","[2, 2, 1, 5, 30, 8, 4, 0, 12, 0, 30, 6, 0, 0, 6, 1, 30, 7, 5, 0, 12, 0, 30, 1, 11, 0, 12, 0, 30, 4, 2, 0, 6, 1, -15, 3, 1]",1.0,0.9557157565504486,0.3,1.0,129.5554392337799
7,"[2, 2, 24, 0, 30, 5, 1, 0, 6, 2, 30, 3, 1, 0, 4, 5, 30, 6, 0, 0, 6, 0, 30, 1, 5, 0, 6, 2, 30, 4, 0, 0, 4, 1, -15, 3, 1]","[2, 3, 1, 7, 30, 4, 8, 0, 12, 0, 30, 6, 0, 0, 6, 1, 30, 8, 4, 0, 12, 0, 30, 1, 11, 0, 12, 0, 30, 3, 3, 0, 6, 1, -15, 3, 1]",1.0,0.9779808183354418,0.2,1.0,129.5554392337799
8,"[2, 2, 35, 0, 30, 7, 6, 0, 13, 4, 30, 2, 0, 0, 2, 1, 30, 2, 11, 0, 13, 3, 30, 2, 11, 0, 13, 9, 30, 8, 0, 0, 8, 1, -15, 3, 1]","[2, 2, 1, 0, 30, 8, 13, 0, 21, 0, 30, 13, 1, 0, 14, 1, 30, 3, 18, 0, 21, 4, 30, 4, 17, 0, 21, 1, 30, 13, 0, 0, 13, 1, -15, 3, 1]",1.0,0.9486796904902492,0.2,1.0,128.51632499694824
8,"[2, 2, 35, 0, 30, 7, 6, 0, 13, 4, 30, 2, 0, 0, 2, 1, 30, 2, 11, 0, 13, 3, 30, 2, 11, 0, 13, 9, 30, 8, 0, 0, 8, 1, -15, 3, 1]","[2, 2, 1, 0, 30, 8, 13, 0, 21, 0, 30, 13, 1, 0, 14, 1, 30, 3, 18, 0, 21, 4, 30, 3, 18, 0, 21, 1, 30, 13, 0, 0, 13, 1, -15, 3, 1]",1.0,0.9716679769763328,0.1,1.0,128.51632499694824
8,"[2, 2, 35, 0, 30, 7, 6, 0, 13, 4, 30, 2, 0, 0, 2, 1, 30, 2, 11, 0, 13, 3, 30, 2, 11, 0, 13, 9, 30, 8, 0, 0, 8, 1, -15, 3, 1]","[2, 2, 1, 0, 30, 8, 13, 0, 21, 0, 30, 13, 1, 0, 14, 1, 30, 3, 18, 0, 21, 4, 30, 3, 18, 0, 21, 1, 30, 13, 0, 0, 13, 1, -15, 3, 1]",1.0,0.9435476272705288,0.6,1.0,128.51632499694824
8,"[2, 2, 35, 0, 30, 7, 6, 0, 13, 4, 30, 2, 0, 0, 2, 1, 30, 2, 11, 0, 13, 3, 30, 2, 11, 0, 13, 9, 30, 8, 0, 0, 8, 1, -15, 3, 1]","[2, 2, 1, 0, 30, 8, 13, 0, 21, 0, 30, 13, 1, 0, 14, 1, 30, 3, 18, 0, 21, 5, 30, 3, 18, 0, 21, 1, 30, 13, 0, 0, 13, 1, -15, 3, 1]",1.0,0.9388588701226547,0.7,1.0,128.51632499694824
8,"[2, 2, 35, 0, 30, 7, 6, 0, 13, 4, 30, 2, 0, 0, 2, 1, 30, 2, 11, 0, 13, 3, 30, 2, 11, 0, 13, 9, 30, 8, 0, 0, 8, 1, -15, 3, 1]","[2, 2, 1, 0, 30, 8, 13, 0, 21, 0, 30, 13, 1, 0, 14, 1, 30, 4, 17, 0, 21, 5, 30, 3, 18, 0, 21, 1, 30, 13, 0, 0, 13, 1, -15, 3, 1]",1.0,0.9455137392609967,0.4,1.0,128.51632499694824
10,"[2, 2, 29, 0, 30, 9, 5, 0, 14, 5, 30, 11, 1, 0, 12, 0, 30, 3, 11, 0, 14, 0, 30, 1, 13, 0, 14, 1, 30, 9, 0, 0, 9, 1, -15, 3, 1]","[2, 2, 1, 0, 30, 6, 16, 0, 22, 0, 30, 4, 0, 0, 4, 1, 30, 6, 16, 0, 22, 1, 30, 7, 15, 0, 22, 0, 30, 9, 1, 0, 10, 1, -15, 3, 1]",1.0,0.9535206134206591,0.1,1.0,126.41181826591492
10,"[2, 2, 29, 0, 30, 9, 5, 0, 14, 5, 30, 11, 1, 0, 12, 0, 30, 3, 11, 0, 14, 0, 30, 1, 13, 0, 14, 1, 30, 9, 0, 0, 9, 1, -15, 3, 1]","[2, 2, 1, 0, 30, 7, 15, 0, 22, 0, 30, 4, 0, 0, 4, 1, 30, 6, 16, 0, 22, 0, 30, 7, 15, 0, 22, 0, 30, 9, 1, 0, 10, 1, -15, 3, 1]",1.0,0.9261207970293687,0.3,1.0,126.41181826591492
10,"[2, 2, 29, 0, 30, 9, 5, 0, 14, 5, 30, 11, 1, 0, 12, 0, 30, 3, 11, 0, 14, 0, 30, 1, 13, 0, 14, 1, 30, 9, 0, 0, 9, 1, -15, 3, 1]","[2, 2, 1, 0, 30, 6, 16, 0, 22, 0, 30, 4, 0, 0, 4, 1, 30, 6, 16, 0, 22, 0, 30, 8, 14, 0, 22, 0, 30, 9, 1, 0, 10, 1, -15, 3, 1]",1.0,0.9289493903844697,0.2,1.0,126.41181826591492
11,"[2, 1, 5, 1, 30, 9, 3, 0, 12, 2, 30, 10, 0, 0, 10, 0, 30, 3, 9, 0, 12, 0, 30, 8, 4, 0, 12, 1, 30, 1, 5, 0, 6, 0, -27, 3, 0]","[2, 3, 1, 0, 30, 7, 3, 0, 10, 4, 30, 2, 0, 0, 2, 1, 30, 4, 6, 0, 10, 1, 30, 8, 2, 0, 10, 6, 30, 6, 0, 0, 6, 0, -27, 3, 0]",1.0,0.86131905755634,0.1,1.0,130.9314067363739
11,"[2, 1, 5, 1, 30, 9, 3, 0, 12, 2, 30, 10, 0, 0, 10, 0, 30, 3, 9, 0, 12, 0, 30, 8, 4, 0, 12, 1, 30, 1, 5, 0, 6, 0, -27, 3, 0]","[2, 3, 1, 0, 30, 7, 3, 0, 10, 3, 30, 2, 0, 0, 2, 1, 30, 4, 6, 0, 10, 1, 30, 9, 1, 0, 10, 2, 30, 6, 0, 0, 6, 0, -27, 3, 0]",1.0,0.804834357577175,1.0,1.0,130.9314067363739
11,"[2, 1, 5, 1, 30, 9, 3, 0, 12, 2, 30, 10, 0, 0, 10, 0, 30, 3, 9, 0, 12, 0, 30, 8, 4, 0, 12, 1, 30, 1, 5, 0, 6, 0, -27, 3, 0]","[2, 3, 1, 0, 30, 7, 3, 0, 10, 4, 30, 2, 0, 0, 2, 1, 30, 4, 6, 0, 10, 4, 30, 10, 0, 0, 10, 2, 30, 6, 0, 0, 6, 0, -27, 3, 0]",1.0,0.8083468046657629,0.5,1.0,130.9314067363739
12,"[2, 2, 18, 0, 30, 7, 1, 0, 8, 2, 30, 4, 0, 0, 4, 0, 30, 0, 8, 0, 8, 0, 30, 7, 1, 0, 8, 0, 30, 5, 0, 0, 5, 1, -15, 3, 1]","[2, 2, 1, 2, 30, 10, 6, 0, 16, 3, 30, 8, 0, 0, 8, 1, 30, 3, 13, 0, 16, 0, 30, 12, 4, 0, 16, 0, 30, 5, 3, 0, 8, 1, -15, 3, 1]",1.0,0.9982719978478168,0.1,1.0,130.3517210483551
12,"[2, 2, 18, 0, 30, 7, 1, 0, 8, 2, 30, 4, 0, 0, 4, 0, 30, 0, 8, 0, 8, 0, 30, 7, 1, 0, 8, 0, 30, 5, 0, 0, 5, 1, -15, 3, 1]","[2, 2, 1, 0, 30, 9, 7, 0, 16, 2, 30, 8, 0, 0, 8, 1, 30, 3, 13, 0, 16, 0, 30, 12, 4, 0, 16, 0, 30, 8, 0, 0, 8, 1, -15, 3, 1]",1.0,0.9063667699445851,1.0,1.0,130.3517210483551
12,"[2, 2, 18, 0, 30, 7, 1, 0, 8, 2, 30, 4, 0, 0, 4, 0, 30, 0, 8, 0, 8, 0, 30, 7, 1, 0, 8, 0, 30, 5, 0, 0, 5, 1, -15, 3, 1]","[2, 2, 1, 0, 30, 9, 7, 0, 16, 2, 30, 8, 0, 0, 8, 1, 30, 3, 13, 0, 16, 0, 30, 10, 6, 0, 16, 0, 30, 8, 0, 0, 8, 1, -15, 3, 1]",1.0,0.982319415192803,0.2,1.0,130.3517210483551
12,"[2, 2, 18, 0, 30, 7, 1, 0, 8, 2, 30, 4, 0, 0, 4, 0, 30, 0, 8, 0, 8, 0, 30, 7, 1, 0, 8, 0, 30, 5, 0, 0, 5, 1, -15, 3, 1]","[2, 2, 1, 0, 30, 9, 7, 0, 16, 2, 30, 8, 0, 0, 8, 1, 30, 3, 13, 0, 16, 0, 30, 12, 4, 0, 16, 0, 30, 8, 0, 0, 8, 1, -15, 3, 1]",1.0,0.9234220544904511,0.3,1.0,130.3517210483551
13,"[2, 2, 25, 1, 30, 5, 9, 0, 14, 4, 30, 6, 0, 0, 6, 0, 30, 9, 5, 0, 14, 1, 30, 4, 10, 0, 14, 3, 30, 5, 1, 0, 6, 1, -15, 3, 1]","[2, 2, 1, 3, 30, 11, 2, 0, 13, 0, 30, 5, 1, 0, 6, 1, 30, 6, 7, 0, 13, 0, 30, 2, 11, 0, 13, 0, 30, 5, 3, 0, 8, 1, -15, 3, 1]",1.0,0.9784357222363719,0.1,1.0,128.9457049369812
14,"[2, 4, 10, 0, 30, 2, 7, 0, 9, 2, 30, 4, 0, 0, 4, 1, 30, 7, 2, 0, 9, 0, 30, 1, 8, 0, 9, 2, 30, 5, 0, 0, 5, 1, -15, 3, 1]","[2, 2, 1, 0, 30, 7, 11, 0, 18, 0, 30, 8, 0, 0, 8, 1, 30, 13, 5, 0, 18, 0, 30, 5, 13, 0, 18, 2, 30, 5, 3, 0, 8, 0, -27, 3, 0]",1.0,0.9266519493457407,0.3,1.0,129.6045970916748
14,"[2, 4, 10, 0, 30, 2, 7, 0, 9, 2, 30, 4, 0, 0, 4, 1, 30, 7, 2, 0, 9, 0, 30, 1, 8, 0, 9, 2, 30, 5, 0, 0, 5, 1, -15, 3, 1]","[2, 2, 1, 0, 30, 7, 11, 0, 18, 1, 30, 8, 0, 0, 8, 1, 30, 12, 6, 0, 18, 1, 30, 5, 13, 0, 18, 2, 30, 5, 3, 0, 8, 0, -27, 3, 0]",1.0,0.88043673062935,1.0,1.0,129.6045970916748
14,"[2, 4, 10, 0, 30, 2, 7, 0, 9, 2, 30, 4, 0, 0, 4, 1, 30, 7, 2, 0, 9, 0, 30, 1, 8, 0, 9, 2, 30, 5, 0, 0, 5, 1, -15, 3, 1]","[2, 2, 1, 0, 30, 7, 11, 0, 18, 0, 30, 8, 0, 0, 8, 1, 30, 13, 5, 0, 18, 0, 30, 5, 13, 0, 18, 2, 30, 5, 3, 0, 8, 0, -27, 3, 0]",1.0,0.9365790421378023,0.1,1.0,129.6045970916748
14,"[2, 4, 10, 0, 30, 2, 7, 0, 9, 2, 30, 4, 0, 0, 4, 1, 30, 7, 2, 0, 9, 0, 30, 1, 8, 0, 9, 2, 30, 5, 0, 0, 5, 1, -15, 3, 1]","[2, 2, 1, 0, 30, 8, 10, 0, 18, 1, 30, 8, 0, 0, 8, 1, 30, 13, 5, 0, 18, 0, 30, 5, 13, 0, 18, 1, 30, 5, 3, 0, 8, 0, -27, 3, 0]",1.0,0.9160103865352356,0.9,1.0,129.6045970916748
14,"[2, 4, 10, 0, 30, 2, 7, 0, 9, 2, 30, 4, 0, 0, 4, 1, 30, 7, 2, 0, 9, 0, 30, 1, 8, 0, 9, 2, 30, 5, 0, 0, 5, 1, -15, 3, 1]","[2, 2, 1, 0, 30, 7, 11, 0, 18, 0, 30, 8, 0, 0, 8, 1, 30, 12, 6, 0, 18, 0, 30, 5, 13, 0, 18, 2, 30, 5, 3, 0, 8, 0, -27, 3, 0]",1.0,0.9254641581032017,0.4,1.0,129.6045970916748
15,"[2, 1, 5, 1, 30, 8, 4, 0, 12, 2, 30, 9, 1, 0, 10, 0, 30, 3, 9, 0, 12, 0, 30, 8, 4, 0, 12, 1, 30, 2, 4, 0, 6, 0, -27, 3, 0]","[2, 2, 1, 2, 30, 9, 1, 0, 10, 4, 30, 2, 0, 0, 2, 1, 30, 4, 6, 0, 10, 5, 30, 9, 1, 0, 10, 6, 30, 6, 0, 0, 6, 0, -27, 3, 0]",1.0,0.6346483300054638,0.3,1.0,128.8965494632721
15,"[2, 1, 5, 1, 30, 8, 4, 0, 12, 2, 30, 9, 1, 0, 10, 0, 30, 3, 9, 0, 12, 0, 30, 8, 4, 0, 12, 1, 30, 2, 4, 0, 6, 0, -27, 3, 0]","[2, 2, 1, 0, 30, 7, 3, 0, 10, 4, 30, 2, 0, 0, 2, 1, 30, 4, 6, 0, 10, 5, 30, 9, 1, 0, 10, 6, 30, 6, 0, 0, 6, 0, -27, 3, 0]",1.0,0.725726377132951,0.1,1.0,128.8965494632721
16,"[2, 2, 25, 1, 30, 4, 10, 0, 14, 4, 30, 6, 0, 0, 6, 0, 30, 9, 5, 0, 14, 1, 30, 7, 7, 0, 14, 4, 30, 5, 1, 0, 6, 1, -15, 3, 1]","[2, 2, 1, 0, 30, 7, 6, 0, 13, 0, 30, 6, 0, 0, 6, 0, 30, 6, 7, 0, 13, 1, 30, 6, 7, 0, 13, 0, 30, 7, 1, 0, 8, 1, -15, 3, 1]",1.0,0.9978002687038879,0.1,1.0,127.34591579437256
16,"[2, 2, 25, 1, 30, 4, 10, 0, 14, 4, 30, 6, 0, 0, 6, 0, 30, 9, 5, 0, 14, 1, 30, 7, 7, 0, 14, 4, 30, 5, 1, 0, 6, 1, -15, 3, 1]","[2, 2, 1, 0, 30, 7, 6, 0, 13, 0, 30, 6, 0, 0, 6, 0, 30, 6, 7, 0, 13, 1, 30, 6, 7, 0, 13, 0, 30, 7, 1, 0, 8, 1, -15, 3, 1]",1.0,0.9971721290373669,0.3,1.0,127.34591579437256
19,"[2, 3, 25, 2, 30, 5, 9, 0, 14, 5, 30, 6, 0, 0, 6, 0, 30, 7, 7, 0, 14, 1, 30, 5, 9, 0, 14, 5, 30, 5, 1, 0, 6, 1, -15, 3, 1]","[2, 2, 1, 5, 30, 11, 2, 0, 13, 0, 30, 6, 0, 0, 6, 1, 30, 7, 6, 0, 13, 0, 30, 2, 11, 0, 13, 0, 30, 6, 2, 0, 8, 1, -15, 3, 1]",1.0,0.9623532396621076,0.1,1.0,131.10305047035217
22,"[2, 2, 29, 0, 30, 8, 6, 0, 14, 6, 30, 11, 1, 0, 12, 0, 30, 3, 11, 0, 14, 0, 30, 0, 14, 0, 14, 2, 30, 9, 0, 0, 9, 1, -15, 3, 1]","[2, 2, 1, 0, 30, 6, 16, 0, 22, 0, 30, 3, 1, 0, 4, 1, 30, 6, 16, 0, 22, 1, 30, 7, 15, 0, 22, 0, 30, 10, 0, 0, 10, 1, -15, 3, 1]",1.0,0.9367470787076236,0.2,1.0,127.10955214500427
22,"[2, 2, 29, 0, 30, 8, 6, 0, 14, 6, 30, 11, 1, 0, 12, 0, 30, 3, 11, 0, 14, 0, 30, 0, 14, 0, 14, 2, 30, 9, 0, 0, 9, 1, -15, 3, 1]","[2, 2, 1, 1, 30, 6, 16, 0, 22, 0, 30, 3, 1, 0, 4, 1, 30, 6, 16, 0, 22, 0, 30, 6, 16, 0, 22, 0, 30, 10, 0, 0, 10, 1, -15, 3, 1]",1.0,0.9533699215744383,0.1,1.0,127.10955214500427
23,"[2, 3, 10, 0, 30, 3, 6, 0, 9, 4, 30, 3, 1, 0, 4, 0, 30, 3, 6, 0, 9, 0, 30, 2, 7, 0, 9, 3, 30, 5, 0, 0, 5, 1, -15, 3, 1]","[2, 2, 1, 0, 30, 3, 8, 0, 11, 6, 30, 4, 0, 0, 4, 1, 30, 4, 7, 0, 11, 0, 30, 2, 9, 0, 11, 0, 30, 2, 3, 0, 5, 0, -27, 3, 0]",1.0,0.9999999999804386,0.1,1.0,126.06468892097473
23,"[2, 3, 10, 0, 30, 3, 6, 0, 9, 4, 30, 3, 1, 0, 4, 0, 30, 3, 6, 0, 9, 0, 30, 2, 7, 0, 9, 3, 30, 5, 0, 0, 5, 1, -15, 3, 1]","[2, 2, 1, 3, 30, 5, 6, 0, 11, 4, 30, 4, 0, 0, 4, 1, 30, 4, 7, 0, 11, 0, 30, 2, 9, 0, 11, 0, 30, 2, 3, 0, 5, 0, -27, 3, 0]",1.0,0.9998145925451075,0.2,1.0,126.06468892097473
23,"[2, 3, 10, 0, 30, 3, 6, 0, 9, 4, 30, 3, 1, 0, 4, 0, 30, 3, 6, 0, 9, 0, 30, 2, 7, 0, 9, 3, 30, 5, 0, 0, 5, 1, -15, 3, 1]","[2, 2, 1, 0, 30, 3, 8, 0, 11, 4, 30, 4, 0, 0, 4, 1, 30, 9, 2, 0, 11, 0, 30, 2, 9, 0, 11, 0, 30, 3, 2, 0, 5, 0, -27, 3, 0]",1.0,0.9952372811892585,0.3,1.0,126.06468892097473
23,"[2, 3, 10, 0, 30, 3, 6, 0, 9, 4, 30, 3, 1, 0, 4, 0, 30, 3, 6, 0, 9, 0, 30, 2, 7, 0, 9, 3, 30, 5, 0, 0, 5, 1, -15, 3, 1]","[2, 2, 1, 0, 30, 3, 8, 0, 11, 3, 30, 4, 0, 0, 4, 0, 30, 9, 2, 0, 11, 0, 30, 2, 9, 0, 11, 0, 30, 3, 2, 0, 5, 0, -27, 3, 0]",1.0,0.9922584725950099,0.6,1.0,126.06468892097473
24,"[2, 0, 27, 1, 30, 4, 11, 0, 15, 4, 30, 2, 0, 0, 2, 0, 30, 3, 12, 0, 15, 2, 30, 4, 11, 0, 15, 5, 30, 6, 0, 0, 6, 1, -15, 3, 1]","[2, 2, 1, 0, 30, 9, 12, 0, 21, 0, 30, 8, 0, 0, 8, 1, 30, 7, 14, 0, 21, 4, 30, 8, 13, 0, 21, 0, 30, 8, 2, 0, 10, 1, -15, 3, 1]",1.0,0.9431507230270341,0.7,1.0,128.67034077644348
24,"[2, 0, 27, 1, 30, 4, 11, 0, 15, 4, 30, 2, 0, 0, 2, 0, 30, 3, 12, 0, 15, 2, 30, 4, 11, 0, 15, 5, 30, 6, 0, 0, 6, 1, -15, 3, 1]","[2, 2, 1, 0, 30, 9, 12, 0, 21, 1, 30, 8, 0, 0, 8, 1, 30, 7, 14, 0, 21, 4, 30, 8, 13, 0, 21, 0, 30, 6, 4, 0, 10, 1, -15, 3, 1]",1.0,0.9460409145812321,0.1,1.0,128.67034077644348
25,"[2, 2, 10, 0, 30, 2, 7, 0, 9, 5, 30, 3, 1, 0, 4, 1, 30, 4, 5, 0, 9, 0, 30, 1, 8, 0, 9, 4, 30, 5, 0, 0, 5, 1, -15, 3, 1]","[2, 2, 1, 0, 30, 7, 3, 0, 10, 3, 30, 2, 0, 0, 2, 1, 30, 8, 2, 0, 10, 0, 30, 6, 4, 0, 10, 6, 30, 6, 0, 0, 6, 0, -27, 3, 0]",1.0,0.8230052078195643,0.1,1.0,129.5217945575714
25,"[2, 2, 10, 0, 30, 2, 7, 0, 9, 5, 30, 3, 1, 0, 4, 1, 30, 4, 5, 0, 9, 0, 30, 1, 8, 0, 9, 4, 30, 5, 0, 0, 5, 1, -15, 3, 1]","[2, 3, 1, 0, 30, 7, 3, 0, 10, 5, 30, 2, 0, 0, 2, 1, 30, 4, 6, 0, 10, 3, 30, 7, 3, 0, 10, 6, 30, 6, 0, 0, 6, 0, -27, 3, 0]",1.0,0.7359240643921119,0.6,1.0,129.5217945575714
25,"[2, 2, 10, 0, 30, 2, 7, 0, 9, 5, 30, 3, 1, 0, 4, 1, 30, 4, 5, 0, 9, 0, 30, 1, 8, 0, 9, 4, 30, 5, 0, 0, 5, 1, -15, 3, 1]","[2, 3, 1, 0, 30, 7, 3, 0, 10, 4, 30, 2, 0, 0, 2, 2, 30, 7, 3, 0, 10, 2, 30, 8, 2, 0, 10, 6, 30, 6, 0, 0, 6, 0, -27, 3, 0]",1.0,0.7689305140081142,0.2,1.0,129.5217945575714
28,"[2, 1, 5, 1, 30, 8, 4, 0, 12, 2, 30, 9, 1, 0, 10, 0, 30, 4, 8, 0, 12, 0, 30, 8, 4, 0, 12, 1, 30, 2, 4, 0, 6, 0, -27, 3, 0]","[2, 2, 1, 0, 30, 7, 3, 0, 10, 4, 30, 2, 0, 0, 2, 1, 30, 4, 6, 0, 10, 0, 30, 10, 0, 0, 10, 6, 30, 6, 0, 0, 6, 0, -27, 3, 0]",1.0,0.8127980987578807,0.1,1.0,127.58578109741211
28,"[2, 1, 5, 1, 30, 8, 4, 0, 12, 2, 30, 9, 1, 0, 10, 0, 30, 4, 8, 0, 12, 0, 30, 8, 4, 0, 12, 1, 30, 2, 4, 0, 6, 0, -27, 3, 0]","[2, 2, 1, 0, 30, 7, 3, 0, 10, 3, 30, 2, 0, 0, 2, 1, 30, 4, 6, 0, 10, 4, 30, 6, 4, 0, 10, 6, 30, 6, 0, 0, 6, 0, -27, 3, 0]",1.0,0.8102984600557485,0.2,1.0,127.58578109741211
28,"[2, 1, 5, 1, 30, 8, 4, 0, 12, 2, 30, 9, 1, 0, 10, 0, 30, 4, 8, 0, 12, 0, 30, 8, 4, 0, 12, 1, 30, 2, 4, 0, 6, 0, -27, 3, 0]","[2, 2, 1, 0, 30, 7, 3, 0, 10, 4, 30, 2, 0, 0, 2, 1, 30, 4, 6, 0, 10, 5, 30, 9, 1, 0, 10, 6, 30, 6, 0, 0, 6, 0, -27, 3, 0]",1.0,0.5409751928843471,0.3,1.0,127.58578109741211
29,"[2, 3, 10, 0, 30, 3, 6, 0, 9, 4, 30, 3, 1, 0, 4, 0, 30, 4, 5, 0, 9, 0, 30, 1, 8, 0, 9, 3, 30, 5, 0, 0, 5, 1, -15, 3, 1]","[2, 2, 1, 0, 30, 10, 9, 0, 19, 3, 30, 12, 0, 0, 12, 0, 30, 3, 16, 0, 19, 0, 30, 9, 10, 0, 19, 0, 30, 3, 7, 0, 10, 0, -27, 3, 0]",1.0,0.9999052924812478,0.2,1.0,127.24887251853943
29,"[2, 3, 10, 0, 30, 3, 6, 0, 9, 4, 30, 3, 1, 0, 4, 0, 30, 4, 5, 0, 9, 0, 30, 1, 8, 0, 9, 3, 30, 5, 0, 0, 5, 1, -15, 3, 1]","[2, 2, 1, 0, 30, 10, 9, 0, 19, 3, 30, 12, 0, 0, 12, 1, 30, 3, 16, 0, 19, 0, 30, 9, 10, 0, 19, 0, 30, 3, 7, 0, 10, 0, -27, 3, 0]",1.0,0.9595828189455827,1.0,1.0,127.24887251853943
29,"[2, 3, 10, 0, 30, 3, 6, 0, 9, 4, 30, 3, 1, 0, 4, 0, 30, 4, 5, 0, 9, 0, 30, 1, 8, 0, 9, 3, 30, 5, 0, 0, 5, 1, -15, 3, 1]","[2, 2, 1, 0, 30, 10, 9, 0, 19, 3, 30, 12, 0, 0, 12, 1, 30, 3, 16, 0, 19, 0, 30, 9, 10, 0, 19, 0, 30, 3, 7, 0, 10, 0, -27, 3, 0]",1.0,0.9844059890891144,0.3,1.0,127.24887251853943
29,"[2, 3, 10, 0, 30, 3, 6, 0, 9, 4, 30, 3, 1, 0, 4, 0, 30, 4, 5, 0, 9, 0, 30, 1, 8, 0, 9, 3, 30, 5, 0, 0, 5, 1, -15, 3, 1]","[2, 2, 1, 0, 30, 10, 9, 0, 19, 3, 30, 12, 0, 0, 12, 1, 30, 3, 16, 0, 19, 0, 30, 9, 10, 0, 19, 0, 30, 3, 7, 0, 10, 0, -27, 3, 0]",1.0,0.9815230917072204,0.6,1.0,127.24887251853943
30,"[2, 4, 24, 0, 30, 5, 1, 0, 6, 2, 30, 4, 0, 0, 4, 5, 30, 6, 0, 0, 6, 0, 30, 1, 5, 0, 6, 2, 30, 4, 0, 0, 4, 1, -15, 3, 1]","[2, 2, 1, 3, 30, 6, 6, 0, 12, 0, 30, 6, 0, 0, 6, 1, 30, 4, 8, 0, 12, 1, 30, 1, 11, 0, 12, 0, 30, 3, 3, 0, 6, 1, -15, 3, 1]",1.0,0.9709501174228815,0.3,1.0,129.40393114089966
30,"[2, 4, 24, 0, 30, 5, 1, 0, 6, 2, 30, 4, 0, 0, 4, 5, 30, 6, 0, 0, 6, 0, 30, 1, 5, 0, 6, 2, 30, 4, 0, 0, 4, 1, -15, 3, 1]","[2, 2, 1, 1, 30, 7, 5, 0, 12, 0, 30, 6, 0, 0, 6, 1, 30, 5, 7, 0, 12, 0, 30, 1, 11, 0, 12, 0, 30, 4, 2, 0, 6, 1, -15, 3, 1]",1.0,0.9782972769374834,0.2,1.0,129.40393114089966
30,"[2, 4, 24, 0, 30, 5, 1, 0, 6, 2, 30, 4, 0, 0, 4, 5, 30, 6, 0, 0, 6, 0, 30, 1, 5, 0, 6, 2, 30, 4, 0, 0, 4, 1, -15, 3, 1]","[2, 2, 1, 3, 30, 7, 5, 0, 12, 0, 30, 6, 0, 0, 6, 1, 30, 5, 7, 0, 12, 0, 30, 1, 11, 0, 12, 0, 30, 4, 2, 0, 6, 1, -15, 3, 1]",1.0,0.9858224429120054,0.1,1.0,129.40393114089966
31,"[2, 2, 1, 0, 30, 7, 3, 0, 10, 3, 30, 2, 0, 0, 2, 1, 30, 4, 6, 0, 10, 0, 30, 6, 4, 0, 10, 6, 30, 6, 0, 0, 6, 0, -27, 3, 0]","[2, 3, 1, 0, 30, 7, 3, 0, 10, 4, 30, 2, 0, 0, 2, 1, 30, 4, 6, 0, 10, 4, 30, 6, 4, 0, 10, 6, 30, 6, 0, 0, 6, 0, -27, 3, 0]",1.0,0.8036063689370968,0.6,1.0,130.7944905757904
31,"[2, 2, 1, 0, 30, 7, 3, 0, 10, 3, 30, 2, 0, 0, 2, 1, 30, 4, 6, 0, 10, 0, 30, 6, 4, 0, 10, 6, 30, 6, 0, 0, 6, 0, -27, 3, 0]","[2, 3, 1, 0, 30, 4, 6, 0, 10, 4, 30, 2, 0, 0, 2, 1, 30, 4, 6, 0, 10, 5, 30, 8, 2, 0, 10, 6, 30, 6, 0, 0, 6, 0, -27, 3, 0]",1.0,0.8339881707385274,0.2,1.0,130.7944905757904
31,"[2, 2, 1, 0, 30, 7, 3, 0, 10, 3, 30, 2, 0, 0, 2, 1, 30, 4, 6, 0, 10, 0, 30, 6, 4, 0, 10, 6, 30, 6, 0, 0, 6, 0, -27, 3, 0]","[2, 2, 1, 0, 30, 7, 3, 0, 10, 3, 30, 2, 0, 0, 2, 4, 30, 5, 5, 0, 10, 3, 30, 7, 3, 0, 10, 6, 30, 6, 0, 0, 6, 0, -27, 3, 0]",1.0,0.8100895293648049,0.3,1.0,130.7944905757904
31,"[2, 2, 1, 0, 30, 7, 3, 0, 10, 3, 30, 2, 0, 0, 2, 1, 30, 4, 6, 0, 10, 0, 30, 6, 4, 0, 10, 6, 30, 6, 0, 0, 6, 0, -27, 3, 0]","[2, 3, 1, 0, 30, 7, 3, 0, 10, 5, 30, 2, 0, 0, 2, 1, 30, 4, 6, 0, 10, 1, 30, 9, 1, 0, 10, 6, 30, 6, 0, 0, 6, 0, -27, 3, 0]",1.0,0.8763638062107383,0.1,1.0,130.7944905757904
33,"[2, 2, 23, 0, 30, 3, 2, 0, 5, 2, 30, 4, 0, 0, 4, 6, 30, 4, 1, 0, 5, 0, 30, 0, 5, 0, 5, 1, 30, 2, 0, 0, 2, 1, -15, 3, 1]","[2, 2, 1, 0, 30, 7, 9, 0, 16, 0, 30, 10, 0, 0, 10, 1, 30, 2, 14, 0, 16, 0, 30, 3, 13, 0, 16, 0, 30, 5, 3, 0, 8, 1, -15, 3, 1]",1.0,0.9152179016844573,1.0,1.0,126.44756245613098
33,"[2, 2, 23, 0, 30, 3, 2, 0, 5, 2, 30, 4, 0, 0, 4, 6, 30, 4, 1, 0, 5, 0, 30, 0, 5, 0, 5, 1, 30, 2, 0, 0, 2, 1, -15, 3, 1]","[2, 2, 1, 2, 30, 8, 8, 0, 16, 1, 30, 10, 0, 0, 10, 1, 30, 2, 14, 0, 16, 0, 30, 3, 13, 0, 16, 0, 30, 5, 3, 0, 8, 1, -15, 3, 1]",1.0,0.9491803411339698,0.2,1.0,126.44756245613098
33,"[2, 2, 23, 0, 30, 3, 2, 0, 5, 2, 30, 4, 0, 0, 4, 6, 30, 4, 1, 0, 5, 0, 30, 0, 5, 0, 5, 1, 30, 2, 0, 0, 2, 1, -15, 3, 1]","[2, 2, 1, 2, 30, 8, 8, 0, 16, 1, 30, 10, 0, 0, 10, 1, 30, 2, 14, 0, 16, 0, 30, 3, 13, 0, 16, 0, 30, 5, 3, 0, 8, 1, -15, 3, 1]",1.0,0.9491880678390983,0.1,1.0,126.44756245613098
33,"[2, 2, 23, 0, 30, 3, 2, 0, 5, 2, 30, 4, 0, 0, 4, 6, 30, 4, 1, 0, 5, 0, 30, 0, 5, 0, 5, 1, 30, 2, 0, 0, 2, 1, -15, 3, 1]","[2, 2, 1, 0, 30, 7, 9, 0, 16, 0, 30, 10, 0, 0, 10, 1, 30, 2, 14, 0, 16, 0, 30, 2, 14, 0, 16, 0, 30, 5, 3, 0, 8, 1, -15, 3, 1]",1.0,0.9343565302721006,0.4,1.0,126.44756245613098
34,"[2, 0, 27, 1, 30, 4, 11, 0, 15, 4, 30, 2, 0, 0, 2, 0, 30, 3, 12, 0, 15, 3, 30, 5, 10, 0, 15, 3, 30, 6, 0, 0, 6, 1, -15, 3, 1]","[2, 2, 1, 0, 30, 8, 8, 0, 16, 2, 30, 6, 0, 0, 6, 1, 30, 2, 14, 0, 16, 0, 30, 7, 9, 0, 16, 3, 30, 7, 0, 0, 7, 1, -15, 3, 1]",1.0,0.8626111204905975,0.2,1.0,127.22126770019531
34,"[2, 0, 27, 1, 30, 4, 11, 0, 15, 4, 30, 2, 0, 0, 2, 0, 30, 3, 12, 0, 15, 3, 30, 5, 10, 0, 15, 3, 30, 6, 0, 0, 6, 1, -15, 3, 1]","[2, 2, 1, 0, 30, 8, 8, 0, 16, 2, 30, 6, 0, 0, 6, 1, 30, 2, 14, 0, 16, 0, 30, 7, 9, 0, 16, 3, 30, 7, 0, 0, 7, 1, -15, 3, 1]",1.0,0.9129698554044889,0.1,1.0,127.22126770019531
35,"[2, 3, 24, 0, 30, 5, 1, 0, 6, 3, 30, 4, 0, 0, 4, 6, 30, 6, 0, 0, 6, 0, 30, 1, 5, 0, 6, 2, 30, 4, 0, 0, 4, 1, -15, 3, 1]","[2, 2, 1, 2, 30, 7, 5, 0, 12, 0, 30, 6, 0, 0, 6, 1, 30, 5, 7, 0, 12, 0, 30, 1, 11, 0, 12, 0, 30, 4, 2, 0, 6, 1, -15, 3, 1]",1.0,0.9728824127394748,0.1,1.0,129.8505322933197
37,"[2, 1, 9, 1, 30, 6, 5, 0, 11, 4, 30, 6, 0, 0, 6, 4, 30, 10, 1, 0, 11, 0, 30, 3, 8, 0, 11, 4, 30, 3, 1, 0, 4, 0, -27, 3, 0]","[2, 3, 1, 0, 30, 4, 6, 0, 10, 4, 30, 2, 0, 0, 2, 0, 30, 4, 6, 0, 10, 2, 30, 7, 3, 0, 10, 6, 30, 6, 0, 0, 6, 0, -27, 3, 0]",1.0,0.899971390992439,0.1,1.0,129.3765709400177
37,"[2, 1, 9, 1, 30, 6, 5, 0, 11, 4, 30, 6, 0, 0, 6, 4, 30, 10, 1, 0, 11, 0, 30, 3, 8, 0, 11, 4, 30, 3, 1, 0, 4, 0, -27, 3, 0]","[2, 3, 1, 0, 30, 7, 3, 0, 10, 5, 30, 2, 0, 0, 2, 1, 30, 4, 6, 0, 10, 0, 30, 4, 6, 0, 10, 3, 30, 6, 0, 0, 6, 0, -27, 3, 0]",1.0,0.8442854491321901,0.2,1.0,129.3765709400177
39,"[2, 1, 16, 0, 30, 5, 4, 0, 9, 4, 30, 8, 0, 0, 8, 0, 30, 4, 5, 0, 9, 0, 30, 1, 8, 0, 9, 0, 30, 4, 0, 0, 4, 1, -15, 3, 1]","[2, 2, 1, 0, 30, 9, 5, 0, 14, 0, 30, 6, 0, 0, 6, 3, 30, 11, 3, 0, 14, 0, 30, 10, 4, 0, 14, 2, 30, 8, 0, 0, 8, 1, -15, 3, 1]",1.0,0.9571662146416349,0.1,1.0,126.86311674118042
39,"[2, 1, 16, 0, 30, 5, 4, 0, 9, 4, 30, 8, 0, 0, 8, 0, 30, 4, 5, 0, 9, 0, 30, 1, 8, 0, 9, 0, 30, 4, 0, 0, 4, 1, -15, 3, 1]","[2, 2, 1, 0, 30, 9, 5, 0, 14, 0, 30, 6, 0, 0, 6, 1, 30, 8, 6, 0, 14, 0, 30, 8, 6, 0, 14, 2, 30, 8, 0, 0, 8, 1, -15, 3, 1]",1.0,0.9548387194439966,0.6,1.0,126.86311674118042
40,"[2, 0, 27, 1, 30, 4, 11, 0, 15, 3, 30, 2, 0, 0, 2, 0, 30, 8, 7, 0, 15, 2, 30, 6, 9, 0, 15, 3, 30, 6, 0, 0, 6, 1, -15, 3, 1]","[2, 2, 1, 0, 30, 11, 10, 0, 21, 0, 30, 8, 0, 0, 8, 1, 30, 7, 14, 0, 21, 0, 30, 7, 14, 0, 21, 0, 30, 9, 1, 0, 10, 1, -15, 3, 1]",1.0,0.6895683611194062,0.2,1.0,128.81234550476074
40,"[2, 0, 27, 1, 30, 4, 11, 0, 15, 3, 30, 2, 0, 0, 2, 0, 30, 8, 7, 0, 15, 2, 30, 6, 9, 0, 15, 3, 30, 6, 0, 0, 6, 1, -15, 3, 1]","[2, 2, 1, 0, 30, 11, 10, 0, 21, 0, 30, 8, 0, 0, 8, 2, 30, 7, 14, 0, 21, 0, 30, 7, 14, 0, 21, 0, 30, 9, 1, 0, 10, 1, -15, 3, 1]",1.0,0.7916953264514789,0.1,1.0,128.81234550476074
41,"[2, 1, 13, 3, 30, 6, 1, 0, 7, 0, 30, 4, 0, 0, 4, 2, 30, 6, 1, 0, 7, 7, 30, 7, 0, 0, 7, 3, 30, 4, 0, 0, 4, 1, -15, 3, 1]","[2, 2, 1, 0, 30, 4, 12, 0, 16, 0, 30, 5, 1, 0, 6, 1, 30, 4, 12, 0, 16, 2, 30, 5, 11, 0, 16, 0, 30, 6, 3, 0, 9, 1, -15, 3, 1]",1.0,0.8826858358638533,0.7,1.0,126.59446573257446
41,"[2, 1, 13, 3, 30, 6, 1, 0, 7, 0, 30, 4, 0, 0, 4, 2, 30, 6, 1, 0, 7, 7, 30, 7, 0, 0, 7, 3, 30, 4, 0, 0, 4, 1, -15, 3, 1]","[2, 2, 1, 0, 30, 4, 12, 0, 16, 0, 30, 5, 1, 0, 6, 1, 30, 3, 13, 0, 16, 2, 30, 4, 12, 0, 16, 0, 30, 6, 3, 0, 9, 1, -15, 3, 1]",1.0,0.9637899854671411,0.1,1.0,126.59446573257446
41,"[2, 1, 13, 3, 30, 6, 1, 0, 7, 0, 30, 4, 0, 0, 4, 2, 30, 6, 1, 0, 7, 7, 30, 7, 0, 0, 7, 3, 30, 4, 0, 0, 4, 1, -15, 3, 1]","[2, 2, 1, 0, 30, 4, 12, 0, 16, 0, 30, 5, 1, 0, 6, 1, 30, 3, 13, 0, 16, 0, 30, 4, 12, 0, 16, 0, 30, 7, 2, 0, 9, 1, -15, 3, 1]",1.0,0.9223097694103783,0.2,1.0,126.59446573257446
41,"[2, 1, 13, 3, 30, 6, 1, 0, 7, 0, 30, 4, 0, 0, 4, 2, 30, 6, 1, 0, 7, 7, 30, 7, 0, 0, 7, 3, 30, 4, 0, 0, 4, 1, -15, 3, 1]","[2, 2, 1, 0, 30, 4, 12, 0, 16, 0, 30, 5, 1, 0, 6, 1, 30, 4, 12, 0, 16, 0, 30, 5, 11, 0, 16, 0, 30, 8, 1, 0, 9, 1, -15, 3, 1]",1.0,0.8410397835225872,0.9,1.0,126.59446573257446
41,"[2, 1, 13, 3, 30, 6, 1, 0, 7, 0, 30, 4, 0, 0, 4, 2, 30, 6, 1, 0, 7, 7, 30, 7, 0, 0, 7, 3, 30, 4, 0, 0, 4, 1, -15, 3, 1]","[2, 2, 1, 0, 30, 4, 12, 0, 16, 0, 30, 5, 1, 0, 6, 1, 30, 3, 13, 0, 16, 0, 30, 4, 12, 0, 16, 0, 30, 8, 1, 0, 9, 1, -15, 3, 1]",1.0,0.8806332329149725,0.8,1.0,126.59446573257446
41,"[2, 1, 13, 3, 30, 6, 1, 0, 7, 0, 30, 4, 0, 0, 4, 2, 30, 6, 1, 0, 7, 7, 30, 7, 0, 0, 7, 3, 30, 4, 0, 0, 4, 1, -15, 3, 1]","[2, 2, 1, 0, 30, 4, 12, 0, 16, 0, 30, 5, 1, 0, 6, 2, 30, 3, 13, 0, 16, 1, 30, 5, 11, 0, 16, 0, 30, 6, 3, 0, 9, 1, -15, 3, 1]",1.0,0.8879343232780827,0.5,1.0,126.59446573257446
43,"[2, 1, 11, 0, 30, 4, 8, 0, 12, 1, 30, 4, 0, 0, 4, 0, 30, 7, 5, 0, 12, 4, 30, 5, 7, 0, 12, 5, 30, 4, 0, 0, 4, 1, -15, 3, 1]","[2, 2, 1, 0, 30, 4, 12, 0, 16, 0, 30, 5, 1, 0, 6, 1, 30, 6, 10, 0, 16, 0, 30, 5, 11, 0, 16, 2, 30, 9, 0, 0, 9, 1, -15, 3, 1]",1.0,0.8813300139394411,0.2,1.0,127.99129915237427
43,"[2, 1, 11, 0, 30, 4, 8, 0, 12, 1, 30, 4, 0, 0, 4, 0, 30, 7, 5, 0, 12, 4, 30, 5, 7, 0, 12, 5, 30, 4, 0, 0, 4, 1, -15, 3, 1]","[2, 2, 1, 0, 30, 4, 12, 0, 16, 0, 30, 5, 1, 0, 6, 1, 30, 7, 9, 0, 16, 1, 30, 2, 14, 0, 16, 2, 30, 9, 0, 0, 9, 1, -15, 3, 1]",1.0,0.9406231661485006,0.1,1.0,127.99129915237427
44,"[2, 1, 9, 0, 30, 7, 4, 0, 11, 4, 30, 6, 0, 0, 6, 2, 30, 11, 0, 0, 11, 0, 30, 3, 8, 0, 11, 5, 30, 3, 1, 0, 4, 0, -27, 3, 0]","[2, 3, 1, 0, 30, 7, 3, 0, 10, 4, 30, 2, 0, 0, 2, 3, 30, 6, 4, 0, 10, 4, 30, 6, 4, 0, 10, 2, 30, 6, 0, 0, 6, 0, -27, 3, 0]",1.0,0.8186744675926422,0.1,1.0,128.2347869873047
47,"[2, 4, 24, 0, 30, 4, 2, 0, 6, 2, 30, 4, 0, 0, 4, 5, 30, 6, 0, 0, 6, 0, 30, 1, 5, 0, 6, 1, 30, 4, 0, 0, 4, 1, -15, 3, 1]","[2, 2, 1, 2, 30, 7, 5, 0, 12, 0, 30, 6, 0, 0, 6, 1, 30, 5, 7, 0, 12, 0, 30, 1, 11, 0, 12, 0, 30, 4, 2, 0, 6, 1, -15, 3, 1]",1.0,0.9685977578606096,0.6,1.0,130.14478039741516
47,"[2, 4, 24, 0, 30, 4, 2, 0, 6, 2, 30, 4, 0, 0, 4, 5, 30, 6, 0, 0, 6, 0, 30, 1, 5, 0, 6, 1, 30, 4, 0, 0, 4, 1, -15, 3, 1]","[2, 2, 1, 3, 30, 6, 6, 0, 12, 0, 30, 6, 0, 0, 6, 1, 30, 5, 7, 0, 12, 0, 30, 2, 10, 0, 12, 0, 30, 4, 2, 0, 6, 1, -15, 3, 1]",1.0,0.9703032457813928,0.2,1.0,130.14478039741516
47,"[2, 4, 24, 0, 30, 4, 2, 0, 6, 2, 30, 4, 0, 0, 4, 5, 30, 6, 0, 0, 6, 0, 30, 1, 5, 0, 6, 1, 30, 4, 0, 0, 4, 1, -15, 3, 1]","[2, 2, 1, 4, 30, 5, 7, 0, 12, 0, 30, 6, 0, 0, 6, 1, 30, 5, 7, 0, 12, 0, 30, 2, 10, 0, 12, 0, 30, 4, 2, 0, 6, 1, -15, 3, 1]",1.0,0.9713722938771957,0.1,1.0,130.14478039741516
48,"[2, 4, 14, 0, 30, 6, 3, 0, 9, 1, 30, 6, 0, 0, 6, 1, 30, 5, 4, 0, 9, 4, 30, 9, 0, 0, 9, 2, 30, 4, 0, 0, 4, 1, -15, 3, 1]","[2, 2, 1, 0, 30, 9, 5, 0, 14, 0, 30, 6, 0, 0, 6, 1, 30, 8, 6, 0, 14, 2, 30, 13, 1, 0, 14, 0, 30, 7, 1, 0, 8, 1, -15, 3, 1]",1.0,0.830411596333278,1.0,1.0,128.5973026752472
48,"[2, 4, 14, 0, 30, 6, 3, 0, 9, 1, 30, 6, 0, 0, 6, 1, 30, 5, 4, 0, 9, 4, 30, 9, 0, 0, 9, 2, 30, 4, 0, 0, 4, 1, -15, 3, 1]","[2, 2, 1, 0, 30, 9, 5, 0, 14, 0, 30, 6, 0, 0, 6, 1, 30, 8, 6, 0, 14, 0, 30, 10, 4, 0, 14, 0, 30, 7, 1, 0, 8, 1, -15, 3, 1]",1.0,0.9755840089577241,0.1,1.0,128.5973026752472
48,"[2, 4, 14, 0, 30, 6, 3, 0, 9, 1, 30, 6, 0, 0, 6, 1, 30, 5, 4, 0, 9, 4, 30, 9, 0, 0, 9, 2, 30, 4, 0, 0, 4, 1, -15, 3, 1]","[2, 2, 1, 0, 30, 9, 5, 0, 14, 0, 30, 6, 0, 0, 6, 1, 30, 8, 6, 0, 14, 0, 30, 10, 4, 0, 14, 0, 30, 7, 1, 0, 8, 1, -15, 3, 1]",1.0,0.9414820261012662,0.7,1.0,128.5973026752472
48,"[2, 4, 14, 0, 30, 6, 3, 0, 9, 1, 30, 6, 0, 0, 6, 1, 30, 5, 4, 0, 9, 4, 30, 9, 0, 0, 9, 2, 30, 4, 0, 0, 4, 1, -15, 3, 1]","[2, 2, 1, 0, 30, 9, 5, 0, 14, 0, 30, 6, 0, 0, 6, 1, 30, 8, 6, 0, 14, 0, 30, 10, 4, 0, 14, 0, 30, 7, 1, 0, 8, 1, -15, 3, 1]",1.0,0.9560101494424864,0.3,1.0,128.5973026752472
50,"[2, 2, 11, 0, 30, 4, 8, 0, 12, 1, 30, 4, 0, 0, 4, 0, 30, 8, 4, 0, 12, 3, 30, 6, 6, 0, 12, 5, 30, 4, 0, 0, 4, 1, -15, 3, 1]","[2, 2, 1, 0, 30, 5, 11, 0, 16, 0, 30, 5, 1, 0, 6, 1, 30, 7, 9, 0, 16, 0, 30, 1, 15, 0, 16, 0, 30, 8, 1, 0, 9, 1, -15, 3, 1]",1.0,0.9939662388577216,0.7,1.0,130.2528178691864
50,"[2, 2, 11, 0, 30, 4, 8, 0, 12, 1, 30, 4, 0, 0, 4, 0, 30, 8, 4, 0, 12, 3, 30, 6, 6, 0, 12, 5, 30, 4, 0, 0, 4, 1, -15, 3, 1]","[2, 2, 1, 0, 30, 5, 11, 0, 16, 0, 30, 5, 1, 0, 6, 1, 30, 7, 9, 0, 16, 0, 30, 1, 15, 0, 16, 1, 30, 9, 0, 0, 9, 1, -15, 3, 1]",1.0,0.9852427524770057,0.8,1.0,130.2528178691864
50,"[2, 2, 11, 0, 30, 4, 8, 0, 12, 1, 30, 4, 0, 0, 4, 0, 30, 8, 4, 0, 12, 3, 30, 6, 6, 0, 12, 5, 30, 4, 0, 0, 4, 1, -15, 3, 1]","[2, 2, 1, 0, 30, 6, 10, 0, 16, 0, 30, 5, 1, 0, 6, 1, 30, 7, 9, 0, 16, 0, 30, 1, 15, 0, 16, 0, 30, 8, 1, 0, 9, 1, -15, 3, 1]",1.0,0.9078518960112378,1.0,1.0,130.2528178691864
50,"[2, 2, 11, 0, 30, 4, 8, 0, 12, 1, 30, 4, 0, 0, 4, 0, 30, 8, 4, 0, 12, 3, 30, 6, 6, 0, 12, 5, 30, 4, 0, 0, 4, 1, -15, 3, 1]","[2, 2, 1, 0, 30, 5, 11, 0, 16, 0, 30, 5, 1, 0, 6, 1, 30, 7, 9, 0, 16, 0, 30, 1, 15, 0, 16, 0, 30, 8, 1, 0, 9, 1, -15, 3, 1]",1.0,0.9846458768993956,0.9,1.0,130.2528178691864
53,"[2, 4, 14, 0, 30, 6, 3, 0, 9, 2, 30, 6, 0, 0, 6, 2, 30, 2, 7, 0, 9, 2, 30, 9, 0, 0, 9, 4, 30, 4, 0, 0, 4, 1, -15, 3, 1]","[2, 2, 1, 0, 30, 10, 4, 0, 14, 0, 30, 6, 0, 0, 6, 4, 30, 10, 4, 0, 14, 0, 30, 11, 3, 0, 14, 3, 30, 8, 0, 0, 8, 1, -15, 3, 1]",1.0,0.967885660015284,0.8,1.0,128.09667229652405
53,"[2, 4, 14, 0, 30, 6, 3, 0, 9, 2, 30, 6, 0, 0, 6, 2, 30, 2, 7, 0, 9, 2, 30, 9, 0, 0, 9, 4, 30, 4, 0, 0, 4, 1, -15, 3, 1]","[2, 2, 1, 0, 30, 10, 4, 0, 14, 0, 30, 6, 0, 0, 6, 1, 30, 8, 6, 0, 14, 0, 30, 10, 4, 0, 14, 3, 30, 8, 0, 0, 8, 1, -15, 3, 1]",1.0,0.9764147876416465,0.4,1.0,128.09667229652405
53,"[2, 4, 14, 0, 30, 6, 3, 0, 9, 2, 30, 6, 0, 0, 6, 2, 30, 2, 7, 0, 9, 2, 30, 9, 0, 0, 9, 4, 30, 4, 0, 0, 4, 1, -15, 3, 1]","[2, 2, 1, 0, 30, 10, 4, 0, 14, 0, 30, 6, 0, 0, 6, 1, 30, 8, 6, 0, 14, 0, 30, 10, 4, 0, 14, 3, 30, 8, 0, 0, 8, 1, -15, 3, 1]",1.0,0.9780196971974208,0.2,1.0,128.09667229652405
53,"[2, 4, 14, 0, 30, 6, 3, 0, 9, 2, 30, 6, 0, 0, 6, 2, 30, 2, 7, 0, 9, 2, 30, 9, 0, 0, 9, 4, 30, 4, 0, 0, 4, 1, -15, 3, 1]","[2, 2, 1, 0, 30, 10, 4, 0, 14, 1, 30, 6, 0, 0, 6, 1, 30, 8, 6, 0, 14, 2, 30, 14, 0, 0, 14, 3, 30, 8, 0, 0, 8, 1, -15, 3, 1]",1.0,0.8330582489716691,1.0,1.0,128.09667229652405
53,"[2, 4, 14, 0, 30, 6, 3, 0, 9, 2, 30, 6, 0, 0, 6, 2, 30, 2, 7, 0, 9, 2, 30, 9, 0, 0, 9, 4, 30, 4, 0, 0, 4, 1, -15, 3, 1]","[2, 2, 1, 0, 30, 10, 4, 0, 14, 0, 30, 6, 0, 0, 6, 4, 30, 10, 4, 0, 14, 0, 30, 11, 3, 0, 14, 3, 30, 8, 0, 0, 8, 1, -15, 3, 1]",1.0,0.9680309957032559,0.5,1.0,128.09667229652405
53,"[2, 4, 14, 0, 30, 6, 3, 0, 9, 2, 30, 6, 0, 0, 6, 2, 30, 2, 7, 0, 9, 2, 30, 9, 0, 0, 9, 4, 30, 4, 0, 0, 4, 1, -15, 3, 1]","[2, 2, 1, 0, 30, 10, 4, 0, 14, 1, 30, 6, 0, 0, 6, 6, 30, 8, 6, 0, 14, 0, 30, 11, 3, 0, 14, 3, 30, 8, 0, 0, 8, 1, -15, 3, 1]",1.0,0.9922289214169848,0.1,1.0,128.09667229652405
54,"[2, 1, 5, 1, 30, 8, 4, 0, 12, 2, 30, 9, 1, 0, 10, 0, 30, 3, 9, 0, 12, 0, 30, 8, 4, 0, 12, 1, 30, 3, 3, 0, 6, 0, -27, 3, 0]","[2, 2, 1, 0, 30, 8, 9, 0, 17, 0, 30, 4, 0, 0, 4, 5, 30, 5, 12, 0, 17, 0, 30, 7, 10, 0, 17, 0, 30, 10, 0, 0, 10, 0, -27, 3, 0]",1.0,0.9671285495979479,0.1,1.0,127.33251357078552
54,"[2, 1, 5, 1, 30, 8, 4, 0, 12, 2, 30, 9, 1, 0, 10, 0, 30, 3, 9, 0, 12, 0, 30, 8, 4, 0, 12, 1, 30, 3, 3, 0, 6, 0, -27, 3, 0]","[2, 2, 1, 0, 30, 12, 5, 0, 17, 0, 30, 4, 0, 0, 4, 1, 30, 5, 12, 0, 17, 0, 30, 7, 10, 0, 17, 0, 30, 10, 0, 0, 10, 0, -27, 3, 0]",1.0,0.949563105620146,0.3,1.0,127.33251357078552
56,"[2, 0, 27, 1, 30, 4, 11, 0, 15, 2, 30, 1, 1, 0, 2, 0, 30, 6, 9, 0, 15, 3, 30, 6, 9, 0, 15, 4, 30, 6, 0, 0, 6, 1, -15, 3, 1]","[2, 2, 1, 1, 30, 9, 12, 0, 21, 0, 30, 8, 0, 0, 8, 1, 30, 7, 14, 0, 21, 0, 30, 7, 14, 0, 21, 1, 30, 9, 1, 0, 10, 1, -15, 3, 1]",1.0,0.8829055869472032,0.2,1.0,127.05753779411316
56,"[2, 0, 27, 1, 30, 4, 11, 0, 15, 2, 30, 1, 1, 0, 2, 0, 30, 6, 9, 0, 15, 3, 30, 6, 9, 0, 15, 4, 30, 6, 0, 0, 6, 1, -15, 3, 1]","[2, 2, 1, 1, 30, 10, 11, 0, 21, 0, 30, 8, 0, 0, 8, 1, 30, 7, 14, 0, 21, 0, 30, 7, 14, 0, 21, 1, 30, 9, 1, 0, 10, 1, -15, 3, 1]",1.0,0.8899512611298503,0.1,1.0,127.05753779411316
57,"[2, 0, 11, 0, 30, 5, 7, 0, 12, 2, 30, 4, 0, 0, 4, 0, 30, 2, 10, 0, 12, 3, 30, 10, 2, 0, 12, 5, 30, 4, 0, 0, 4, 1, -15, 3, 1]","[2, 3, 1, 0, 30, 7, 3, 0, 10, 3, 30, 2, 0, 0, 2, 1, 30, 4, 6, 0, 10, 0, 30, 7, 3, 0, 10, 6, 30, 6, 0, 0, 6, 0, -27, 3, 0]",1.0,0.9115181509469624,0.3,1.0,126.73674058914185
57,"[2, 0, 11, 0, 30, 5, 7, 0, 12, 2, 30, 4, 0, 0, 4, 0, 30, 2, 10, 0, 12, 3, 30, 10, 2, 0, 12, 5, 30, 4, 0, 0, 4, 1, -15, 3, 1]","[2, 3, 1, 0, 30, 7, 3, 0, 10, 3, 30, 2, 0, 0, 2, 1, 30, 4, 6, 0, 10, 0, 30, 7, 3, 0, 10, 6, 30, 6, 0, 0, 6, 0, -27, 3, 0]",1.0,0.8787762703767045,0.7,1.0,126.73674058914185
57,"[2, 0, 11, 0, 30, 5, 7, 0, 12, 2, 30, 4, 0, 0, 4, 0, 30, 2, 10, 0, 12, 3, 30, 10, 2, 0, 12, 5, 30, 4, 0, 0, 4, 1, -15, 3, 1]","[2, 3, 1, 0, 30, 7, 3, 0, 10, 1, 30, 2, 0, 0, 2, 1, 30, 4, 6, 0, 10, 1, 30, 7, 3, 0, 10, 6, 30, 6, 0, 0, 6, 0, -27, 3, 0]",1.0,0.8604701835826221,0.8,1.0,126.73674058914185
57,"[2, 0, 11, 0, 30, 5, 7, 0, 12, 2, 30, 4, 0, 0, 4, 0, 30, 2, 10, 0, 12, 3, 30, 10, 2, 0, 12, 5, 30, 4, 0, 0, 4, 1, -15, 3, 1]","[2, 3, 1, 0, 30, 7, 3, 0, 10, 4, 30, 2, 0, 0, 2, 1, 30, 4, 6, 0, 10, 2, 30, 8, 2, 0, 10, 6, 30, 6, 0, 0, 6, 0, -27, 3, 0]",1.0,0.9156222633720652,0.1,1.0,126.73674058914185
58,"[2, 0, 27, 1, 30, 4, 11, 0, 15, 2, 30, 1, 1, 0, 2, 0, 30, 6, 9, 0, 15, 2, 30, 8, 7, 0, 15, 5, 30, 6, 0, 0, 6, 1, -15, 3, 1]","[2, 2, 1, 0, 30, 8, 13, 0, 21, 0, 30, 8, 0, 0, 8, 1, 30, 10, 11, 0, 21, 1, 30, 11, 10, 0, 21, 0, 30, 9, 1, 0, 10, 1, -15, 3, 1]",1.0,0.9562713367576752,0.1,1.0,126.9617612361908
59,"[2, 1, 23, 0, 30, 2, 3, 0, 5, 2, 30, 4, 0, 0, 4, 4, 30, 3, 2, 0, 5, 0, 30, 0, 5, 0, 5, 3, 30, 2, 0, 0, 2, 1, -15, 3, 1]","[2, 2, 1, 0, 30, 8, 8, 0, 16, 0, 30, 10, 0, 0, 10, 1, 30, 3, 13, 0, 16, 0, 30, 2, 14, 0, 16, 0, 30, 4, 4, 0, 8, 1, -15, 3, 1]",1.0,0.9482610256330376,0.1,1.0,125.8387303352356
59,"[2, 1, 23, 0, 30, 2, 3, 0, 5, 2, 30, 4, 0, 0, 4, 4, 30, 3, 2, 0, 5, 0, 30, 0, 5, 0, 5, 3, 30, 2, 0, 0, 2, 1, -15, 3, 1]","[2, 2, 1, 0, 30, 8, 8, 0, 16, 0, 30, 10, 0, 0, 10, 1, 30, 3, 13, 0, 16, 0, 30, 3, 13, 0, 16, 0, 30, 4, 4, 0, 8, 1, -15, 3, 1]",1.0,0.8774714479468814,1.0,1.0,125.8387303352356
59,"[2, 1, 23, 0, 30, 2, 3, 0, 5, 2, 30, 4, 0, 0, 4, 4, 30, 3, 2, 0, 5, 0, 30, 0, 5, 0, 5, 3, 30, 2, 0, 0, 2, 1, -15, 3, 1]","[2, 2, 1, 0, 30, 9, 7, 0, 16, 0, 30, 10, 0, 0, 10, 1, 30, 3, 13, 0, 16, 0, 30, 2, 14, 0, 16, 0, 30, 4, 4, 0, 8, 1, -15, 3, 1]",1.0,0.9141507184306794,0.3,1.0,125.8387303352356
59,"[2, 1, 23, 0, 30, 2, 3, 0, 5, 2, 30, 4, 0, 0, 4, 4, 30, 3, 2, 0, 5, 0, 30, 0, 5, 0, 5, 3, 30, 2, 0, 0, 2, 1, -15, 3, 1]","[2, 2, 1, 0, 30, 9, 7, 0, 16, 0, 30, 10, 0, 0, 10, 1, 30, 3, 13, 0, 16, 0, 30, 2, 14, 0, 16, 0, 30, 4, 4, 0, 8, 1, -15, 3, 1]",1.0,0.8805570882290961,0.8,1.0,125.8387303352356
60,"[2, 1, 13, 3, 30, 6, 1, 0, 7, 0, 30, 4, 0, 0, 4, 2, 30, 5, 2, 0, 7, 10, 30, 6, 1, 0, 7, 2, 30, 4, 0, 0, 4, 1, -15, 3, 1]","[2, 2, 1, 0, 30, 9, 10, 0, 19, 2, 30, 11, 1, 0, 12, 1, 30, 3, 16, 0, 19, 0, 30, 9, 10, 0, 19, 0, 30, 3, 7, 0, 10, 0, -27, 3, 0]",1.0,0.9994198292185533,0.1,1.0,125.72016334533691
60,"[2, 1, 13, 3, 30, 6, 1, 0, 7, 0, 30, 4, 0, 0, 4, 2, 30, 5, 2, 0, 7, 10, 30, 6, 1, 0, 7, 2, 30, 4, 0, 0, 4, 1, -15, 3, 1]","[2, 2, 1, 0, 30, 9, 10, 0, 19, 2, 30, 11, 1, 0, 12, 1, 30, 3, 16, 0, 19, 0, 30, 9, 10, 0, 19, 0, 30, 3, 7, 0, 10, 0, -27, 3, 0]",1.0,0.9968295455817225,0.2,1.0,125.72016334533691
60,"[2, 1, 13, 3, 30, 6, 1, 0, 7, 0, 30, 4, 0, 0, 4, 2, 30, 5, 2, 0, 7, 10, 30, 6, 1, 0, 7, 2, 30, 4, 0, 0, 4, 1, -15, 3, 1]","[2, 2, 1, 0, 30, 10, 9, 0, 19, 2, 30, 11, 1, 0, 12, 1, 30, 3, 16, 0, 19, 0, 30, 9, 10, 0, 19, 0, 30, 2, 8, 0, 10, 0, -27, 3, 0]",1.0,0.9920821451733097,0.3,1.0,125.72016334533691
60,"[2, 1, 13, 3, 30, 6, 1, 0, 7, 0, 30, 4, 0, 0, 4, 2, 30, 5, 2, 0, 7, 10, 30, 6, 1, 0, 7, 2, 30, 4, 0, 0, 4, 1, -15, 3, 1]","[2, 2, 1, 0, 30, 10, 9, 0, 19, 2, 30, 11, 1, 0, 12, 1, 30, 3, 16, 0, 19, 0, 30, 9, 10, 0, 19, 0, 30, 3, 7, 0, 10, 0, -27, 3, 0]",1.0,0.9863001135126227,0.4,1.0,125.72016334533691
60,"[2, 1, 13, 3, 30, 6, 1, 0, 7, 0, 30, 4, 0, 0, 4, 2, 30, 5, 2, 0, 7, 10, 30, 6, 1, 0, 7, 2, 30, 4, 0, 0, 4, 1, -15, 3, 1]","[2, 2, 1, 0, 30, 10, 9, 0, 19, 2, 30, 11, 1, 0, 12, 1, 30, 3, 16, 0, 19, 0, 30, 9, 10, 0, 19, 0, 30, 3, 7, 0, 10, 0, -27, 3, 0]",1.0,0.9532491451756904,1.0,1.0,125.72016334533691
61,"[2, 3, 14, 1, 30, 5, 4, 0, 9, 2, 30, 6, 0, 0, 6, 3, 30, 2, 7, 0, 9, 1, 30, 9, 0, 0, 9, 3, 30, 4, 0, 0, 4, 1, -15, 3, 1]","[2, 2, 1, 0, 30, 11, 3, 0, 14, 1, 30, 6, 0, 0, 6, 5, 30, 8, 6, 0, 14, 0, 30, 10, 4, 0, 14, 2, 30, 8, 0, 0, 8, 1, -15, 3, 1]",1.0,0.9967136785316181,0.1,1.0,130.97815990447998
61,"[2, 3, 14, 1, 30, 5, 4, 0, 9, 2, 30, 6, 0, 0, 6, 3, 30, 2, 7, 0, 9, 1, 30, 9, 0, 0, 9, 3, 30, 4, 0, 0, 4, 1, -15, 3, 1]","[2, 2, 1, 0, 30, 10, 4, 0, 14, 0, 30, 6, 0, 0, 6, 1, 30, 7, 7, 0, 14, 3, 30, 13, 1, 0, 14, 2, 30, 8, 0, 0, 8, 1, -15, 3, 1]",1.0,0.8977077258781878,1.0,1.0,130.97815990447998
61,"[2, 3, 14, 1, 30, 5, 4, 0, 9, 2, 30, 6, 0, 0, 6, 3, 30, 2, 7, 0, 9, 1, 30, 9, 0, 0, 9, 3, 30, 4, 0, 0, 4, 1, -15, 3, 1]","[2, 2, 1, 0, 30, 10, 4, 0, 14, 0, 30, 6, 0, 0, 6, 1, 30, 7, 7, 0, 14, 0, 30, 10, 4, 0, 14, 2, 30, 8, 0, 0, 8, 1, -15, 3, 1]",1.0,0.9558434477112376,0.9,1.0,130.97815990447998
61,"[2, 3, 14, 1, 30, 5, 4, 0, 9, 2, 30, 6, 0, 0, 6, 3, 30, 2, 7, 0, 9, 1, 30, 9, 0, 0, 9, 3, 30, 4, 0, 0, 4, 1, -15, 3, 1]","[2, 2, 1, 0, 30, 10, 4, 0, 14, 0, 30, 6, 0, 0, 6, 1, 30, 7, 7, 0, 14, 0, 30, 9, 5, 0, 14, 2, 30, 8, 0, 0, 8, 1, -15, 3, 1]",1.0,0.977000003459405,0.2,1.0,130.97815990447998
61,"[2, 3, 14, 1, 30, 5, 4, 0, 9, 2, 30, 6, 0, 0, 6, 3, 30, 2, 7, 0, 9, 1, 30, 9, 0, 0, 9, 3, 30, 4, 0, 0, 4, 1, -15, 3, 1]","[2, 2, 1, 0, 30, 10, 4, 0, 14, 0, 30, 6, 0, 0, 6, 1, 30, 7, 7, 0, 14, 0, 30, 10, 4, 0, 14, 2, 30, 8, 0, 0, 8, 1, -15, 3, 1]",1.0,0.9562946602782851,0.7,1.0,130.97815990447998
61,"[2, 3, 14, 1, 30, 5, 4, 0, 9, 2, 30, 6, 0, 0, 6, 3, 30, 2, 7, 0, 9, 1, 30, 9, 0, 0, 9, 3, 30, 4, 0, 0, 4, 1, -15, 3, 1]","[2, 2, 1, 0, 30, 10, 4, 0, 14, 0, 30, 6, 0, 0, 6, 1, 30, 7, 7, 0, 14, 0, 30, 9, 5, 0, 14, 2, 30, 8, 0, 0, 8, 1, -15, 3, 1]",1.0,0.9640325622182652,0.3,1.0,130.97815990447998
62,"[2, 1, 5, 1, 30, 8, 4, 0, 12, 2, 30, 9, 1, 0, 10, 0, 30, 4, 8, 0, 12, 0, 30, 8, 4, 0, 12, 1, 30, 1, 5, 0, 6, 0, -27, 3, 0]","[2, 3, 1, 0, 30, 7, 3, 0, 10, 3, 30, 2, 0, 0, 2, 1, 30, 4, 6, 0, 10, 3, 30, 7, 3, 0, 10, 6, 30, 6, 0, 0, 6, 0, -27, 3, 0]",1.0,0.7903418557593527,0.3,1.0,128.4966254234314
62,"[2, 1, 5, 1, 30, 8, 4, 0, 12, 2, 30, 9, 1, 0, 10, 0, 30, 4, 8, 0, 12, 0, 30, 8, 4, 0, 12, 1, 30, 1, 5, 0, 6, 0, -27, 3, 0]","[2, 3, 1, 0, 30, 7, 3, 0, 10, 3, 30, 2, 0, 0, 2, 1, 30, 4, 6, 0, 10, 0, 30, 7, 3, 0, 10, 6, 30, 6, 0, 0, 6, 0, -27, 3, 0]",1.0,0.8952139454997309,0.1,1.0,128.4966254234314
62,"[2, 1, 5, 1, 30, 8, 4, 0, 12, 2, 30, 9, 1, 0, 10, 0, 30, 4, 8, 0, 12, 0, 30, 8, 4, 0, 12, 1, 30, 1, 5, 0, 6, 0, -27, 3, 0]","[2, 3, 1, 0, 30, 7, 3, 0, 10, 3, 30, 2, 0, 0, 2, 1, 30, 4, 6, 0, 10, 4, 30, 7, 3, 0, 10, 6, 30, 6, 0, 0, 6, 0, -27, 3, 0]",1.0,0.8082945087849169,0.2,1.0,128.4966254234314
64,"[2, 2, 24, 0, 30, 6, 0, 0, 6, 2, 30, 4, 0, 0, 4, 5, 30, 6, 0, 0, 6, 0, 30, 1, 5, 0, 6, 0, 30, 4, 0, 0, 4, 1, -15, 3, 1]","[2, 2, 1, 4, 30, 7, 5, 0, 12, 0, 30, 6, 0, 0, 6, 1, 30, 6, 6, 0, 12, 0, 30, 2, 10, 0, 12, 0, 30, 4, 2, 0, 6, 1, -15, 3, 1]",1.0,0.9457930493047363,0.4,1.0,131.02953457832336
64,"[2, 2, 24, 0, 30, 6, 0, 0, 6, 2, 30, 4, 0, 0, 4, 5, 30, 6, 0, 0, 6, 0, 30, 1, 5, 0, 6, 0, 30, 4, 0, 0, 4, 1, -15, 3, 1]","[2, 2, 1, 5, 30, 7, 5, 0, 12, 0, 30, 6, 0, 0, 6, 1, 30, 6, 6, 0, 12, 1, 30, 1, 11, 0, 12, 0, 30, 4, 2, 0, 6, 1, -15, 3, 1]",1.0,0.970194467421665,0.3,1.0,131.02953457832336
64,"[2, 2, 24, 0, 30, 6, 0, 0, 6, 2, 30, 4, 0, 0, 4, 5, 30, 6, 0, 0, 6, 0, 30, 1, 5, 0, 6, 0, 30, 4, 0, 0, 4, 1, -15, 3, 1]","[2, 2, 1, 6, 30, 7, 5, 0, 12, 0, 30, 6, 0, 0, 6, 1, 30, 5, 7, 0, 12, 0, 30, 2, 10, 0, 12, 0, 30, 4, 2, 0, 6, 1, -15, 3, 1]",1.0,0.9844666580518823,0.1,1.0,131.02953457832336
69,"[2, 0, 11, 1, 30, 3, 9, 0, 12, 2, 30, 4, 0, 0, 4, 0, 30, 6, 6, 0, 12, 4, 30, 4, 8, 0, 12, 5, 30, 4, 0, 0, 4, 1, -15, 3, 1]","[2, 2, 1, 0, 30, 9, 5, 0, 14, 4, 30, 4, 0, 0, 4, 1, 30, 5, 9, 0, 14, 0, 30, 9, 5, 0, 14, 2, 30, 7, 0, 0, 7, 0, -27, 3, 0]",1.0,0.9708319177623289,0.7,1.0,130.86666107177734
69,"[2, 0, 11, 1, 30, 3, 9, 0, 12, 2, 30, 4, 0, 0, 4, 0, 30, 6, 6, 0, 12, 4, 30, 4, 8, 0, 12, 5, 30, 4, 0, 0, 4, 1, -15, 3, 1]","[2, 2, 1, 0, 30, 9, 5, 0, 14, 4, 30, 4, 0, 0, 4, 1, 30, 5, 9, 0, 14, 0, 30, 9, 5, 0, 14, 2, 30, 7, 0, 0, 7, 0, -27, 3, 0]",1.0,0.9978606226860791,0.1,1.0,130.86666107177734
69,"[2, 0, 11, 1, 30, 3, 9, 0, 12, 2, 30, 4, 0, 0, 4, 0, 30, 6, 6, 0, 12, 4, 30, 4, 8, 0, 12, 5, 30, 4, 0, 0, 4, 1, -15, 3, 1]","[2, 2, 1, 0, 30, 9, 5, 0, 14, 4, 30, 4, 0, 0, 4, 0, 30, 5, 9, 0, 14, 0, 30, 9, 5, 0, 14, 2, 30, 7, 0, 0, 7, 0, -27, 3, 0]",1.0,0.9720641776764097,0.3,1.0,130.86666107177734
69,"[2, 0, 11, 1, 30, 3, 9, 0, 12, 2, 30, 4, 0, 0, 4, 0, 30, 6, 6, 0, 12, 4, 30, 4, 8, 0, 12, 5, 30, 4, 0, 0, 4, 1, -15, 3, 1]","[2, 2, 1, 0, 30, 9, 5, 0, 14, 4, 30, 4, 0, 0, 4, 0, 30, 5, 9, 0, 14, 0, 30, 9, 5, 0, 14, 2, 30, 7, 0, 0, 7, 0, -27, 3, 0]",1.0,0.976700957464152,0.2,1.0,130.86666107177734
69,"[2, 0, 11, 1, 30, 3, 9, 0, 12, 2, 30, 4, 0, 0, 4, 0, 30, 6, 6, 0, 12, 4, 30, 4, 8, 0, 12, 5, 30, 4, 0, 0, 4, 1, -15, 3, 1]","[2, 2, 1, 0, 30, 9, 5, 0, 14, 4, 30, 4, 0, 0, 4, 1, 30, 5, 9, 0, 14, 0, 30, 9, 5, 0, 14, 2, 30, 7, 0, 0, 7, 0, -27, 3, 0]",1.0,0.9224343016464254,1.0,1.0,130.86666107177734
73,"[2, 2, 18, 0, 30, 8, 0, 0, 8, 2, 30, 4, 0, 0, 4, 0, 30, 0, 8, 0, 8, 0, 30, 7, 1, 0, 8, 0, 30, 5, 0, 0, 5, 1, -15, 3, 1]","[2, 2, 1, 0, 30, 9, 5, 0, 14, 1, 30, 6, 0, 0, 6, 3, 30, 8, 6, 0, 14, 0, 30, 11, 3, 0, 14, 1, 30, 8, 0, 0, 8, 1, -15, 3, 1]",1.0,0.9980787504760642,0.1,1.0,131.4850471019745
73,"[2, 2, 18, 0, 30, 8, 0, 0, 8, 2, 30, 4, 0, 0, 4, 0, 30, 0, 8, 0, 8, 0, 30, 7, 1, 0, 8, 0, 30, 5, 0, 0, 5, 1, -15, 3, 1]","[2, 2, 1, 0, 30, 9, 5, 0, 14, 1, 30, 6, 0, 0, 6, 3, 30, 8, 6, 0, 14, 0, 30, 11, 3, 0, 14, 1, 30, 8, 0, 0, 8, 1, -15, 3, 1]",1.0,0.9895340963018489,0.2,1.0,131.4850471019745
73,"[2, 2, 18, 0, 30, 8, 0, 0, 8, 2, 30, 4, 0, 0, 4, 0, 30, 0, 8, 0, 8, 0, 30, 7, 1, 0, 8, 0, 30, 5, 0, 0, 5, 1, -15, 3, 1]","[2, 2, 1, 0, 30, 9, 5, 0, 14, 1, 30, 6, 0, 0, 6, 1, 30, 8, 6, 0, 14, 0, 30, 13, 1, 0, 14, 1, 30, 8, 0, 0, 8, 1, -15, 3, 1]",1.0,0.9024265836673179,1.0,1.0,131.4850471019745
73,"[2, 2, 18, 0, 30, 8, 0, 0, 8, 2, 30, 4, 0, 0, 4, 0, 30, 0, 8, 0, 8, 0, 30, 7, 1, 0, 8, 0, 30, 5, 0, 0, 5, 1, -15, 3, 1]","[2, 2, 1, 0, 30, 9, 5, 0, 14, 1, 30, 6, 0, 0, 6, 2, 30, 8, 6, 0, 14, 0, 30, 12, 2, 0, 14, 1, 30, 8, 0, 0, 8, 1, -15, 3, 1]",1.0,0.972558698203762,0.4,1.0,131.4850471019745
73,"[2, 2, 18, 0, 30, 8, 0, 0, 8, 2, 30, 4, 0, 0, 4, 0, 30, 0, 8, 0, 8, 0, 30, 7, 1, 0, 8, 0, 30, 5, 0, 0, 5, 1, -15, 3, 1]","[2, 2, 1, 0, 30, 9, 5, 0, 14, 1, 30, 6, 0, 0, 6, 1, 30, 8, 6, 0, 14, 0, 30, 13, 1, 0, 14, 0, 30, 6, 2, 0, 8, 1, -15, 3, 1]",1.0,0.9717750724996149,0.5,1.0,131.4850471019745
76,"[2, 4, 13, 4, 30, 6, 1, 0, 7, 0, 30, 4, 0, 0, 4, 2, 30, 7, 0, 0, 7, 8, 30, 5, 2, 0, 7, 2, 30, 4, 0, 0, 4, 1, -15, 3, 1]","[2, 2, 1, 0, 30, 7, 12, 0, 19, 1, 30, 6, 0, 0, 6, 6, 30, 4, 15, 0, 19, 0, 30, 8, 11, 0, 19, 0, 30, 5, 3, 0, 8, 1, -15, 3, 1]",1.0,0.9783041122705056,0.3,1.0,131.1806676387787
76,"[2, 4, 13, 4, 30, 6, 1, 0, 7, 0, 30, 4, 0, 0, 4, 2, 30, 7, 0, 0, 7, 8, 30, 5, 2, 0, 7, 2, 30, 4, 0, 0, 4, 1, -15, 3, 1]","[2, 3, 1, 0, 30, 7, 12, 0, 19, 1, 30, 6, 0, 0, 6, 7, 30, 5, 14, 0, 19, 0, 30, 8, 11, 0, 19, 0, 30, 5, 3, 0, 8, 1, -15, 3, 1]",1.0,0.9787499116740441,0.1,1.0,131.1806676387787
76,"[2, 4, 13, 4, 30, 6, 1, 0, 7, 0, 30, 4, 0, 0, 4, 2, 30, 7, 0, 0, 7, 8, 30, 5, 2, 0, 7, 2, 30, 4, 0, 0, 4, 1, -15, 3, 1]","[2, 2, 1, 0, 30, 7, 12, 0, 19, 0, 30, 6, 0, 0, 6, 1, 30, 6, 13, 0, 19, 5, 30, 8, 11, 0, 19, 0, 30, 5, 3, 0, 8, 1, -15, 3, 1]",1.0,0.9711528472848917,1.0,1.0,131.1806676387787
76,"[2, 4, 13, 4, 30, 6, 1, 0, 7, 0, 30, 4, 0, 0, 4, 2, 30, 7, 0, 0, 7, 8, 30, 5, 2, 0, 7, 2, 30, 4, 0, 0, 4, 1, -15, 3, 1]","[2, 2, 1, 0, 30, 7, 12, 0, 19, 1, 30, 6, 0, 0, 6, 1, 30, 6, 13, 0, 19, 1, 30, 12, 7, 0, 19, 0, 30, 5, 3, 0, 8, 1, -15, 3, 1]",1.0,0.9725774327015683,0.5,1.0,131.1806676387787
77,"[2, 2, 29, 0, 30, 5, 9, 0, 14, 6, 30, 12, 0, 0, 12, 0, 30, 3, 11, 0, 14, 0, 30, 1, 13, 0, 14, 4, 30, 9, 0, 0, 9, 1, -15, 3, 1]","[2, 2, 1, 0, 30, 6, 16, 0, 22, 0, 30, 3, 1, 0, 4, 1, 30, 5, 17, 0, 22, 0, 30, 12, 10, 0, 22, 1, 30, 10, 0, 0, 10, 1, -15, 3, 1]",1.0,0.9322096981003765,0.3,1.0,128.0399775505066
77,"[2, 2, 29, 0, 30, 5, 9, 0, 14, 6, 30, 12, 0, 0, 12, 0, 30, 3, 11, 0, 14, 0, 30, 1, 13, 0, 14, 4, 30, 9, 0, 0, 9, 1, -15, 3, 1]","[2, 2, 1, 0, 30, 6, 16, 0, 22, 0, 30, 3, 1, 0, 4, 1, 30, 7, 15, 0, 22, 0, 30, 12, 10, 0, 22, 1, 30, 10, 0, 0, 10, 1, -15, 3, 1]",1.0,0.8118932193528303,1.0,1.0,128.0399775505066
77,"[2, 2, 29, 0, 30, 5, 9, 0, 14, 6, 30, 12, 0, 0, 12, 0, 30, 3, 11, 0, 14, 0, 30, 1, 13, 0, 14, 4, 30, 9, 0, 0, 9, 1, -15, 3, 1]","[2, 2, 1, 0, 30, 6, 16, 0, 22, 1, 30, 3, 1, 0, 4, 1, 30, 5, 17, 0, 22, 0, 30, 12, 10, 0, 22, 1, 30, 10, 0, 0, 10, 1, -15, 3, 1]",1.0,0.8981557315443127,0.4,1.0,128.0399775505066
77,"[2, 2, 29, 0, 30, 5, 9, 0, 14, 6, 30, 12, 0, 0, 12, 0, 30, 3, 11, 0, 14, 0, 30, 1, 13, 0, 14, 4, 30, 9, 0, 0, 9, 1, -15, 3, 1]","[2, 2, 1, 0, 30, 6, 16, 0, 22, 0, 30, 3, 1, 0, 4, 3, 30, 5, 17, 0, 22, 0, 30, 9, 13, 0, 22, 1, 30, 10, 0, 0, 10, 1, -15, 3, 1]",1.0,0.9353028924993451,0.2,1.0,128.0399775505066
77,"[2, 2, 29, 0, 30, 5, 9, 0, 14, 6, 30, 12, 0, 0, 12, 0, 30, 3, 11, 0, 14, 0, 30, 1, 13, 0, 14, 4, 30, 9, 0, 0, 9, 1, -15, 3, 1]","[2, 2, 1, 0, 30, 5, 17, 0, 22, 1, 30, 3, 1, 0, 4, 1, 30, 5, 17, 0, 22, 0, 30, 12, 10, 0, 22, 1, 30, 10, 0, 0, 10, 1, -15, 3, 1]",1.0,0.9521156268967921,0.1,1.0,128.0399775505066
77,"[2, 2, 29, 0, 30, 5, 9, 0, 14, 6, 30, 12, 0, 0, 12, 0, 30, 3, 11, 0, 14, 0, 30, 1, 13, 0, 14, 4, 30, 9, 0, 0, 9, 1, -15, 3, 1]","[2, 2, 1, 0, 30, 6, 16, 0, 22, 1, 30, 3, 1, 0, 4, 1, 30, 5, 17, 0, 22, 0, 30, 12, 10, 0, 22, 1, 30, 10, 0, 0, 10, 1, -15, 3, 1]",1.0,0.8205940539680181,0.8,1.0,128.0399775505066
77,"[2, 2, 29, 0, 30, 5, 9, 0, 14, 6, 30, 12, 0, 0, 12, 0, 30, 3, 11, 0, 14, 0, 30, 1, 13, 0, 14, 4, 30, 9, 0, 0, 9, 1, -15, 3, 1]","[2, 2, 1, 0, 30, 6, 16, 0, 22, 1, 30, 3, 1, 0, 4, 1, 30, 5, 17, 0, 22, 0, 30, 12, 10, 0, 22, 1, 30, 10, 0, 0, 10, 1, -15, 3, 1]",1.0,0.8816447146595185,0.6,1.0,128.0399775505066
78,"[2, 1, 25, 1, 30, 9, 5, 0, 14, 3, 30, 6, 0, 0, 6, 0, 30, 6, 8, 0, 14, 1, 30, 5, 9, 0, 14, 4, 30, 5, 1, 0, 6, 1, -15, 3, 1]","[2, 2, 1, 0, 30, 5, 8, 0, 13, 0, 30, 6, 0, 0, 6, 1, 30, 6, 7, 0, 13, 6, 30, 4, 9, 0, 13, 0, 30, 6, 2, 0, 8, 1, -15, 3, 1]",1.0,0.9759951781305849,0.1,1.0,129.67878580093384
80,"[2, 2, 1, 0, 30, 7, 3, 0, 10, 3, 30, 2, 0, 0, 2, 1, 30, 4, 6, 0, 10, 0, 30, 6, 4, 0, 10, 6, 30, 6, 0, 0, 6, 0, -27, 3, 0]","[2, 3, 1, 0, 30, 7, 3, 0, 10, 3, 30, 2, 0, 0, 2, 2, 30, 7, 3, 0, 10, 4, 30, 7, 3, 0, 10, 6, 30, 6, 0, 0, 6, 0, -27, 3, 0]",1.0,0.8621206351462612,0.2,1.0,132.71635150909424
80,"[2, 2, 1, 0, 30, 7, 3, 0, 10, 3, 30, 2, 0, 0, 2, 1, 30, 4, 6, 0, 10, 0, 30, 6, 4, 0, 10, 6, 30, 6, 0, 0, 6, 0, -27, 3, 0]","[2, 3, 1, 0, 30, 7, 3, 0, 10, 5, 30, 2, 0, 0, 2, 1, 30, 4, 6, 0, 10, 3, 30, 9, 1, 0, 10, 6, 30, 6, 0, 0, 6, 0, -27, 3, 0]",1.0,0.8558207627346828,0.3,1.0,132.71635150909424
80,"[2, 2, 1, 0, 30, 7, 3, 0, 10, 3, 30, 2, 0, 0, 2, 1, 30, 4, 6, 0, 10, 0, 30, 6, 4, 0, 10, 6, 30, 6, 0, 0, 6, 0, -27, 3, 0]","[2, 3, 1, 0, 30, 7, 3, 0, 10, 3, 30, 2, 0, 0, 2, 1, 30, 4, 6, 0, 10, 0, 30, 6, 4, 0, 10, 6, 30, 6, 0, 0, 6, 0, -27, 3, 0]",1.0,0.887324944619515,0.1,1.0,132.71635150909424
82,"[2, 2, 14, 0, 30, 6, 3, 0, 9, 1, 30, 6, 0, 0, 6, 0, 30, 2, 7, 0, 9, 4, 30, 9, 0, 0, 9, 3, 30, 4, 0, 0, 4, 1, -15, 3, 1]","[2, 2, 1, 0, 30, 10, 4, 0, 14, 1, 30, 6, 0, 0, 6, 2, 30, 8, 6, 0, 14, 0, 30, 11, 3, 0, 14, 1, 30, 8, 0, 0, 8, 1, -15, 3, 1]",1.0,0.973709457155977,0.1,1.0,148.35023832321167
82,"[2, 2, 14, 0, 30, 6, 3, 0, 9, 1, 30, 6, 0, 0, 6, 0, 30, 2, 7, 0, 9, 4, 30, 9, 0, 0, 9, 3, 30, 4, 0, 0, 4, 1, -15, 3, 1]","[2, 2, 1, 0, 30, 11, 3, 0, 14, 1, 30, 6, 0, 0, 6, 1, 30, 6, 8, 0, 14, 0, 30, 11, 3, 0, 14, 0, 30, 8, 0, 0, 8, 1, -15, 3, 1]",1.0,0.9723916250622568,0.5,1.0,148.35023832321167
82,"[2, 2, 14, 0, 30, 6, 3, 0, 9, 1, 30, 6, 0, 0, 6, 0, 30, 2, 7, 0, 9, 4, 30, 9, 0, 0, 9, 3, 30, 4, 0, 0, 4, 1, -15, 3, 1]","[2, 2, 1, 0, 30, 11, 3, 0, 14, 0, 30, 6, 0, 0, 6, 1, 30, 8, 6, 0, 14, 0, 30, 11, 3, 0, 14, 1, 30, 8, 0, 0, 8, 1, -15, 3, 1]",1.0,0.8336730857385457,1.0,1.0,148.35023832321167
83,"[2, 2, 5, 1, 30, 9, 3, 0, 12, 2, 30, 10, 0, 0, 10, 0, 30, 3, 9, 0, 12, 0, 30, 8, 4, 0, 12, 1, 30, 1, 5, 0, 6, 0, -27, 3, 0]","[2, 3, 1, 0, 30, 7, 3, 0, 10, 4, 30, 2, 0, 0, 2, 1, 30, 4, 6, 0, 10, 2, 30, 9, 1, 0, 10, 6, 30, 6, 0, 0, 6, 0, -27, 3, 0]",1.0,0.7867456576195984,0.1,1.0,123.91345191001892
83,"[2, 2, 5, 1, 30, 9, 3, 0, 12, 2, 30, 10, 0, 0, 10, 0, 30, 3, 9, 0, 12, 0, 30, 8, 4, 0, 12, 1, 30, 1, 5, 0, 6, 0, -27, 3, 0]","[2, 2, 1, 0, 30, 7, 3, 0, 10, 0, 30, 2, 0, 0, 2, 3, 30, 6, 4, 0, 10, 6, 30, 8, 2, 0, 10, 6, 30, 6, 0, 0, 6, 0, -27, 3, 0]",1.0,0.7440382611597124,0.6,1.0,123.91345191001892
83,"[2, 2, 5, 1, 30, 9, 3, 0, 12, 2, 30, 10, 0, 0, 10, 0, 30, 3, 9, 0, 12, 0, 30, 8, 4, 0, 12, 1, 30, 1, 5, 0, 6, 0, -27, 3, 0]","[2, 2, 1, 0, 30, 7, 3, 0, 10, 3, 30, 2, 0, 0, 2, 1, 30, 4, 6, 0, 10, 3, 30, 7, 3, 0, 10, 6, 30, 6, 0, 0, 6, 0, -27, 3, 0]",1.0,0.7613530018311567,0.5,1.0,123.91345191001892
83,"[2, 2, 5, 1, 30, 9, 3, 0, 12, 2, 30, 10, 0, 0, 10, 0, 30, 3, 9, 0, 12, 0, 30, 8, 4, 0, 12, 1, 30, 1, 5, 0, 6, 0, -27, 3, 0]","[2, 3, 1, 0, 30, 7, 3, 0, 10, 3, 30, 2, 0, 0, 2, 1, 30, 4, 6, 0, 10, 6, 30, 8, 2, 0, 10, 6, 30, 6, 0, 0, 6, 0, -27, 3, 0]",1.0,0.715904401571581,0.8,1.0,123.91345191001892
83,"[2, 2, 5, 1, 30, 9, 3, 0, 12, 2, 30, 10, 0, 0, 10, 0, 30, 3, 9, 0, 12, 0, 30, 8, 4, 0, 12, 1, 30, 1, 5, 0, 6, 0, -27, 3, 0]","[2, 3, 1, 0, 30, 7, 3, 0, 10, 3, 30, 2, 0, 0, 2, 1, 30, 4, 6, 0, 10, 3, 30, 7, 3, 0, 10, 6, 30, 6, 0, 0, 6, 0, -27, 3, 0]",1.0,0.7692652865254441,0.3,1.0,123.91345191001892
83,"[2, 2, 5, 1, 30, 9, 3, 0, 12, 2, 30, 10, 0, 0, 10, 0, 30, 3, 9, 0, 12, 0, 30, 8, 4, 0, 12, 1, 30, 1, 5, 0, 6, 0, -27, 3, 0]","[2, 2, 1, 0, 30, 7, 3, 0, 10, 1, 30, 2, 0, 0, 2, 1, 30, 8, 2, 0, 10, 7, 30, 7, 3, 0, 10, 6, 30, 6, 0, 0, 6, 0, -27, 3, 0]",1.0,0.6863862406257469,0.9,1.0,123.91345191001892
85,"[2, 0, 16, 0, 30, 7, 2, 0, 9, 3, 30, 8, 0, 0, 8, 0, 30, 4, 5, 0, 9, 0, 30, 1, 8, 0, 9, 0, 30, 4, 0, 0, 4, 1, -15, 3, 1]","[2, 2, 1, 0, 30, 8, 11, 0, 19, 0, 30, 6, 0, 0, 6, 1, 30, 11, 8, 0, 19, 0, 30, 9, 10, 0, 19, 0, 30, 7, 1, 0, 8, 1, -15, 3, 1]",1.0,0.906779755589979,0.4,1.0,140.7814769744873
85,"[2, 0, 16, 0, 30, 7, 2, 0, 9, 3, 30, 8, 0, 0, 8, 0, 30, 4, 5, 0, 9, 0, 30, 1, 8, 0, 9, 0, 30, 4, 0, 0, 4, 1, -15, 3, 1]","[2, 2, 1, 0, 30, 8, 11, 0, 19, 1, 30, 6, 0, 0, 6, 1, 30, 6, 13, 0, 19, 0, 30, 9, 10, 0, 19, 0, 30, 5, 3, 0, 8, 1, -15, 3, 1]",1.0,0.9229919661930622,0.1,1.0,140.7814769744873
86,"[2, 2, 1, 0, 30, 7, 3, 0, 10, 3, 30, 2, 0, 0, 2, 1, 30, 4, 6, 0, 10, 0, 30, 6, 4, 0, 10, 6, 30, 6, 0, 0, 6, 0, -27, 3, 0]","[2, 3, 1, 0, 30, 7, 3, 0, 10, 3, 30, 2, 0, 0, 2, 2, 30, 7, 3, 0, 10, 3, 30, 7, 3, 0, 10, 6, 30, 6, 0, 0, 6, 0, -27, 3, 0]",1.0,0.7507140728616922,0.3,1.0,131.90751314163208
86,"[2, 2, 1, 0, 30, 7, 3, 0, 10, 3, 30, 2, 0, 0, 2, 1, 30, 4, 6, 0, 10, 0, 30, 6, 4, 0, 10, 6, 30, 6, 0, 0, 6, 0, -27, 3, 0]","[2, 2, 1, 0, 30, 7, 3, 0, 10, 2, 30, 2, 0, 0, 2, 2, 30, 7, 3, 0, 10, 2, 30, 7, 3, 0, 10, 6, 30, 6, 0, 0, 6, 0, -27, 3, 0]",1.0,0.8070665466659817,0.1,1.0,131.90751314163208
86,"[2, 2, 1, 0, 30, 7, 3, 0, 10, 3, 30, 2, 0, 0, 2, 1, 30, 4, 6, 0, 10, 0, 30, 6, 4, 0, 10, 6, 30, 6, 0, 0, 6, 0, -27, 3, 0]","[2, 3, 1, 0, 30, 7, 3, 0, 10, 4, 30, 2, 0, 0, 2, 1, 30, 4, 6, 0, 10, 4, 30, 6, 4, 0, 10, 6, 30, 6, 0, 0, 6, 0, -27, 3, 0]",1.0,0.7384613515626319,0.4,1.0,131.90751314163208
87,"[2, 2, 24, 0, 30, 6, 0, 0, 6, 2, 30, 3, 1, 0, 4, 4, 30, 6, 0, 0, 6, 0, 30, 1, 5, 0, 6, 0, 30, 4, 0, 0, 4, 1, -15, 3, 1]","[2, 2, 1, 5, 30, 4, 8, 0, 12, 1, 30, 6, 0, 0, 6, 1, 30, 4, 8, 0, 12, 0, 30, 2, 10, 0, 12, 0, 30, 3, 3, 0, 6, 1, -15, 3, 1]",1.0,0.9711382546728331,0.1,1.0,141.53811979293823
88,"[2, 2, 14, 1, 30, 6, 3, 0, 9, 2, 30, 6, 0, 0, 6, 3, 30, 2, 7, 0, 9, 3, 30, 9, 0, 0, 9, 5, 30, 4, 0, 0, 4, 1, -15, 3, 1]","[2, 2, 1, 0, 30, 8, 6, 0, 14, 0, 30, 6, 0, 0, 6, 1, 30, 9, 5, 0, 14, 5, 30, 13, 1, 0, 14, 2, 30, 8, 0, 0, 8, 1, -15, 3, 1]",1.0,0.8645070650063194,1.0,1.0,145.54176568984985
88,"[2, 2, 14, 1, 30, 6, 3, 0, 9, 2, 30, 6, 0, 0, 6, 3, 30, 2, 7, 0, 9, 3, 30, 9, 0, 0, 9, 5, 30, 4, 0, 0, 4, 1, -15, 3, 1]","[2, 2, 1, 0, 30, 8, 6, 0, 14, 0, 30, 6, 0, 0, 6, 1, 30, 9, 5, 0, 14, 0, 30, 13, 1, 0, 14, 2, 30, 8, 0, 0, 8, 1, -15, 3, 1]",1.0,0.9513907177601119,0.8,1.0,145.54176568984985
88,"[2, 2, 14, 1, 30, 6, 3, 0, 9, 2, 30, 6, 0, 0, 6, 3, 30, 2, 7, 0, 9, 3, 30, 9, 0, 0, 9, 5, 30, 4, 0, 0, 4, 1, -15, 3, 1]","[2, 2, 1, 0, 30, 8, 6, 0, 14, 0, 30, 6, 0, 0, 6, 1, 30, 9, 5, 0, 14, 0, 30, 12, 2, 0, 14, 2, 30, 8, 0, 0, 8, 1, -15, 3, 1]",1.0,0.9560355698750844,0.4,1.0,145.54176568984985
88,"[2, 2, 14, 1, 30, 6, 3, 0, 9, 2, 30, 6, 0, 0, 6, 3, 30, 2, 7, 0, 9, 3, 30, 9, 0, 0, 9, 5, 30, 4, 0, 0, 4, 1, -15, 3, 1]","[2, 2, 1, 0, 30, 8, 6, 0, 14, 0, 30, 6, 0, 0, 6, 1, 30, 9, 5, 0, 14, 0, 30, 12, 2, 0, 14, 2, 30, 8, 0, 0, 8, 1, -15, 3, 1]",1.0,0.953945627719083,0.6,1.0,145.54176568984985
88,"[2, 2, 14, 1, 30, 6, 3, 0, 9, 2, 30, 6, 0, 0, 6, 3, 30, 2, 7, 0, 9, 3, 30, 9, 0, 0, 9, 5, 30, 4, 0, 0, 4, 1, -15, 3, 1]","[2, 2, 1, 0, 30, 8, 6, 0, 14, 0, 30, 6, 0, 0, 6, 1, 30, 9, 5, 0, 14, 0, 30, 10, 4, 0, 14, 0, 30, 7, 1, 0, 8, 1, -15, 3, 1]",1.0,0.9825265715398062,0.1,1.0,145.54176568984985
88,"[2, 2, 14, 1, 30, 6, 3, 0, 9, 2, 30, 6, 0, 0, 6, 3, 30, 2, 7, 0, 9, 3, 30, 9, 0, 0, 9, 5, 30, 4, 0, 0, 4, 1, -15, 3, 1]","[2, 2, 1, 0, 30, 8, 6, 0, 14, 0, 30, 6, 0, 0, 6, 1, 30, 9, 5, 0, 14, 0, 30, 12, 2, 0, 14, 2, 30, 8, 0, 0, 8, 1, -15, 3, 1]",1.0,0.971872898220119,0.2,1.0,145.54176568984985
89,"[2, 2, 26, 0, 30, 7, 2, 0, 9, 5, 30, 4, 0, 0, 4, 2, 30, 0, 9, 0, 9, 0, 30, 2, 7, 0, 9, 6, 30, 3, 0, 0, 3, 1, -15, 3, 1]","[2, 2, 1, 0, 30, 11, 10, 0, 21, 0, 30, 8, 0, 0, 8, 1, 30, 5, 16, 0, 21, 0, 30, 7, 14, 0, 21, 1, 30, 9, 1, 0, 10, 1, -15, 3, 1]",1.0,0.9666529360988585,0.2,1.0,142.24204325675964
89,"[2, 2, 26, 0, 30, 7, 2, 0, 9, 5, 30, 4, 0, 0, 4, 2, 30, 0, 9, 0, 9, 0, 30, 2, 7, 0, 9, 6, 30, 3, 0, 0, 3, 1, -15, 3, 1]","[2, 2, 1, 0, 30, 11, 10, 0, 21, 0, 30, 8, 0, 0, 8, 1, 30, 6, 15, 0, 21, 0, 30, 7, 14, 0, 21, 1, 30, 9, 1, 0, 10, 1, -15, 3, 1]",1.0,0.8222829336970432,1.0,1.0,142.24204325675964
89,"[2, 2, 26, 0, 30, 7, 2, 0, 9, 5, 30, 4, 0, 0, 4, 2, 30, 0, 9, 0, 9, 0, 30, 2, 7, 0, 9, 6, 30, 3, 0, 0, 3, 1, -15, 3, 1]","[2, 2, 1, 0, 30, 11, 10, 0, 21, 0, 30, 8, 0, 0, 8, 1, 30, 5, 16, 0, 21, 0, 30, 7, 14, 0, 21, 1, 30, 9, 1, 0, 10, 1, -15, 3, 1]",1.0,0.9444301208337852,0.3,1.0,142.24204325675964
89,"[2, 2, 26, 0, 30, 7, 2, 0, 9, 5, 30, 4, 0, 0, 4, 2, 30, 0, 9, 0, 9, 0, 30, 2, 7, 0, 9, 6, 30, 3, 0, 0, 3, 1, -15, 3, 1]","[2, 2, 1, 0, 30, 11, 10, 0, 21, 0, 30, 8, 0, 0, 8, 2, 30, 6, 15, 0, 21, 0, 30, 7, 14, 0, 21, 1, 30, 9, 1, 0, 10, 1, -15, 3, 1]",1.0,0.991107231838885,0.1,1.0,142.24204325675964
89,"[2, 2, 26, 0, 30, 7, 2, 0, 9, 5, 30, 4, 0, 0, 4, 2, 30, 0, 9, 0, 9, 0, 30, 2, 7, 0, 9, 6, 30, 3, 0, 0, 3, 1, -15, 3, 1]","[2, 2, 1, 0, 30, 11, 10, 0, 21, 0, 30, 8, 0, 0, 8, 1, 30, 5, 16, 0, 21, 0, 30, 7, 14, 0, 21, 1, 30, 9, 1, 0, 10, 1, -15, 3, 1]",1.0,0.8667790649617981,0.4,1.0,142.24204325675964
89,"[2, 2, 26, 0, 30, 7, 2, 0, 9, 5, 30, 4, 0, 0, 4, 2, 30, 0, 9, 0, 9, 0, 30, 2, 7, 0, 9, 6, 30, 3, 0, 0, 3, 1, -15, 3, 1]","[2, 2, 1, 0, 30, 11, 10, 0, 21, 0, 30, 8, 0, 0, 8, 3, 30, 6, 15, 0, 21, 0, 30, 7, 14, 0, 21, 1, 30, 9, 1, 0, 10, 1, -15, 3, 1]",1.0,0.8559617729158979,0.6,1.0,142.24204325675964
90,"[2, 3, 14, 1, 30, 5, 4, 0, 9, 1, 30, 6, 0, 0, 6, 3, 30, 3, 6, 0, 9, 5, 30, 9, 0, 0, 9, 1, 30, 4, 0, 0, 4, 1, -15, 3, 1]","[2, 2, 1, 0, 30, 10, 4, 0, 14, 1, 30, 6, 0, 0, 6, 3, 30, 8, 6, 0, 14, 0, 30, 12, 2, 0, 14, 0, 30, 8, 0, 0, 8, 1, -15, 3, 1]",1.0,0.9997880147011567,0.1,1.0,151.2751247882843
90,"[2, 3, 14, 1, 30, 5, 4, 0, 9, 1, 30, 6, 0, 0, 6, 3, 30, 3, 6, 0, 9, 5, 30, 9, 0, 0, 9, 1, 30, 4, 0, 0, 4, 1, -15, 3, 1]","[2, 2, 1, 0, 30, 10, 4, 0, 14, 1, 30, 6, 0, 0, 6, 0, 30, 8, 6, 0, 14, 0, 30, 13, 1, 0, 14, 0, 30, 6, 2, 0, 8, 1, -15, 3, 1]",1.0,0.989076824914658,0.5,1.0,151.2751247882843
90,"[2, 3, 14, 1, 30, 5, 4, 0, 9, 1, 30, 6, 0, 0, 6, 3, 30, 3, 6, 0, 9, 5, 30, 9, 0, 0, 9, 1, 30, 4, 0, 0, 4, 1, -15, 3, 1]","[2, 2, 1, 0, 30, 10, 4, 0, 14, 0, 30, 6, 0, 0, 6, 1, 30, 8, 6, 0, 14, 0, 30, 9, 5, 0, 14, 0, 30, 8, 0, 0, 8, 1, -15, 3, 1]",1.0,0.9916332348075747,0.2,1.0,151.2751247882843
90,"[2, 3, 14, 1, 30, 5, 4, 0, 9, 1, 30, 6, 0, 0, 6, 3, 30, 3, 6, 0, 9, 5, 30, 9, 0, 0, 9, 1, 30, 4, 0, 0, 4, 1, -15, 3, 1]","[2, 2, 1, 0, 30, 10, 4, 0, 14, 1, 30, 6, 0, 0, 6, 4, 30, 8, 6, 0, 14, 0, 30, 13, 1, 0, 14, 0, 30, 8, 0, 0, 8, 1, -15, 3, 1]",1.0,0.9890505459261496,0.6,1.0,151.2751247882843
90,"[2, 3, 14, 1, 30, 5, 4, 0, 9, 1, 30, 6, 0, 0, 6, 3, 30, 3, 6, 0, 9, 5, 30, 9, 0, 0, 9, 1, 30, 4, 0, 0, 4, 1, -15, 3, 1]","[2, 2, 1, 0, 30, 10, 4, 0, 14, 1, 30, 6, 0, 0, 6, 1, 30, 8, 6, 0, 14, 0, 30, 13, 1, 0, 14, 0, 30, 8, 0, 0, 8, 1, -15, 3, 1]",1.0,0.9757449801722331,0.7,1.0,151.2751247882843
90,"[2, 3, 14, 1, 30, 5, 4, 0, 9, 1, 30, 6, 0, 0, 6, 3, 30, 3, 6, 0, 9, 5, 30, 9, 0, 0, 9, 1, 30, 4, 0, 0, 4, 1, -15, 3, 1]","[2, 2, 1, 0, 30, 10, 4, 0, 14, 1, 30, 6, 0, 0, 6, 1, 30, 8, 6, 0, 14, 0, 30, 13, 1, 0, 14, 0, 30, 8, 0, 0, 8, 1, -15, 3, 1]",1.0,0.9213813270219448,1.0,1.0,151.2751247882843
92,"[2, 4, 16, 0, 30, 6, 3, 0, 9, 4, 30, 8, 0, 0, 8, 0, 30, 3, 6, 0, 9, 0, 30, 2, 7, 0, 9, 1, 30, 4, 0, 0, 4, 1, -15, 3, 1]","[2, 2, 1, 0, 30, 6, 13, 0, 19, 0, 30, 6, 0, 0, 6, 1, 30, 8, 11, 0, 19, 0, 30, 10, 9, 0, 19, 2, 30, 8, 0, 0, 8, 1, -15, 3, 1]",1.0,0.9367487795355921,0.4,1.0,151.59238505363464
92,"[2, 4, 16, 0, 30, 6, 3, 0, 9, 4, 30, 8, 0, 0, 8, 0, 30, 3, 6, 0, 9, 0, 30, 2, 7, 0, 9, 1, 30, 4, 0, 0, 4, 1, -15, 3, 1]","[2, 2, 1, 0, 30, 6, 13, 0, 19, 0, 30, 6, 0, 0, 6, 1, 30, 9, 10, 0, 19, 0, 30, 10, 9, 0, 19, 2, 30, 8, 0, 0, 8, 1, -15, 3, 1]",1.0,0.9238178949512295,1.0,1.0,151.59238505363464
92,"[2, 4, 16, 0, 30, 6, 3, 0, 9, 4, 30, 8, 0, 0, 8, 0, 30, 3, 6, 0, 9, 0, 30, 2, 7, 0, 9, 1, 30, 4, 0, 0, 4, 1, -15, 3, 1]","[2, 2, 1, 0, 30, 6, 13, 0, 19, 0, 30, 6, 0, 0, 6, 1, 30, 9, 10, 0, 19, 0, 30, 10, 9, 0, 19, 0, 30, 8, 0, 0, 8, 1, -15, 3, 1]",1.0,0.9538667126098676,0.1,1.0,151.59238505363464
92,"[2, 4, 16, 0, 30, 6, 3, 0, 9, 4, 30, 8, 0, 0, 8, 0, 30, 3, 6, 0, 9, 0, 30, 2, 7, 0, 9, 1, 30, 4, 0, 0, 4, 1, -15, 3, 1]","[2, 2, 1, 0, 30, 6, 13, 0, 19, 0, 30, 6, 0, 0, 6, 1, 30, 9, 10, 0, 19, 0, 30, 10, 9, 0, 19, 1, 30, 8, 0, 0, 8, 1, -15, 3, 1]",1.0,0.9454243301339109,0.2,1.0,151.59238505363464
92,"[2, 4, 16, 0, 30, 6, 3, 0, 9, 4, 30, 8, 0, 0, 8, 0, 30, 3, 6, 0, 9, 0, 30, 2, 7, 0, 9, 1, 30, 4, 0, 0, 4, 1, -15, 3, 1]","[2, 2, 1, 0, 30, 6, 13, 0, 19, 0, 30, 6, 0, 0, 6, 1, 30, 8, 11, 0, 19, 0, 30, 10, 9, 0, 19, 2, 30, 8, 0, 0, 8, 1, -15, 3, 1]",1.0,0.9442083410635516,0.3,1.0,151.59238505363464
92,"[2, 4, 16, 0, 30, 6, 3, 0, 9, 4, 30, 8, 0, 0, 8, 0, 30, 3, 6, 0, 9, 0, 30, 2, 7, 0, 9, 1, 30, 4, 0, 0, 4, 1, -15, 3, 1]","[2, 2, 1, 0, 30, 6, 13, 0, 19, 0, 30, 6, 0, 0, 6, 1, 30, 8, 11, 0, 19, 0, 30, 10, 9, 0, 19, 2, 30, 8, 0, 0, 8, 1, -15, 3, 1]",1.0,0.9286677010838496,0.8,1.0,151.59238505363464
93,"[2, 2, 16, 0, 30, 5, 4, 0, 9, 4, 30, 8, 0, 0, 8, 0, 30, 3, 6, 0, 9, 0, 30, 1, 8, 0, 9, 0, 30, 3, 1, 0, 4, 1, -15, 3, 1]","[2, 2, 1, 0, 30, 8, 6, 0, 14, 0, 30, 6, 0, 0, 6, 2, 30, 11, 3, 0, 14, 0, 30, 10, 4, 0, 14, 2, 30, 8, 0, 0, 8, 1, -15, 3, 1]",1.0,0.990286053152565,0.1,1.0,140.2341663837433
95,"[2, 3, 29, 0, 30, 7, 7, 0, 14, 5, 30, 12, 0, 0, 12, 0, 30, 5, 9, 0, 14, 0, 30, 0, 14, 0, 14, 0, 30, 7, 2, 0, 9, 1, -15, 3, 1]","[2, 2, 1, 0, 30, 7, 15, 0, 22, 2, 30, 3, 1, 0, 4, 1, 30, 3, 19, 0, 22, 0, 30, 13, 9, 0, 22, 0, 30, 9, 1, 0, 10, 1, -15, 3, 1]",1.0,0.8556305393667772,0.7,1.0,152.07552886009216
95,"[2, 3, 29, 0, 30, 7, 7, 0, 14, 5, 30, 12, 0, 0, 12, 0, 30, 5, 9, 0, 14, 0, 30, 0, 14, 0, 14, 0, 30, 7, 2, 0, 9, 1, -15, 3, 1]","[2, 2, 1, 0, 30, 7, 15, 0, 22, 1, 30, 3, 1, 0, 4, 1, 30, 3, 19, 0, 22, 0, 30, 13, 9, 0, 22, 0, 30, 9, 1, 0, 10, 1, -15, 3, 1]",1.0,0.9737813284359629,0.1,1.0,152.07552886009216
95,"[2, 3, 29, 0, 30, 7, 7, 0, 14, 5, 30, 12, 0, 0, 12, 0, 30, 5, 9, 0, 14, 0, 30, 0, 14, 0, 14, 0, 30, 7, 2, 0, 9, 1, -15, 3, 1]","[2, 2, 1, 0, 30, 7, 15, 0, 22, 2, 30, 3, 1, 0, 4, 1, 30, 3, 19, 0, 22, 0, 30, 13, 9, 0, 22, 0, 30, 9, 1, 0, 10, 1, -15, 3, 1]",1.0,0.9233699056666977,0.2,1.0,152.07552886009216
95,"[2, 3, 29, 0, 30, 7, 7, 0, 14, 5, 30, 12, 0, 0, 12, 0, 30, 5, 9, 0, 14, 0, 30, 0, 14, 0, 14, 0, 30, 7, 2, 0, 9, 1, -15, 3, 1]","[2, 2, 1, 0, 30, 7, 15, 0, 22, 0, 30, 3, 1, 0, 4, 1, 30, 3, 19, 0, 22, 0, 30, 13, 9, 0, 22, 0, 30, 9, 1, 0, 10, 1, -15, 3, 1]",1.0,0.7042252273047902,1.0,1.0,152.07552886009216
95,"[2, 3, 29, 0, 30, 7, 7, 0, 14, 5, 30, 12, 0, 0, 12, 0, 30, 5, 9, 0, 14, 0, 30, 0, 14, 0, 14, 0, 30, 7, 2, 0, 9, 1, -15, 3, 1]","[2, 2, 1, 0, 30, 7, 15, 0, 22, 2, 30, 3, 1, 0, 4, 1, 30, 3, 19, 0, 22, 0, 30, 13, 9, 0, 22, 0, 30, 9, 1, 0, 10, 1, -15, 3, 1]",1.0,0.9073356585193845,0.3,1.0,152.07552886009216
95,"[2, 3, 29, 0, 30, 7, 7, 0, 14, 5, 30, 12, 0, 0, 12, 0, 30, 5, 9, 0, 14, 0, 30, 0, 14, 0, 14, 0, 30, 7, 2, 0, 9, 1, -15, 3, 1]","[2, 2, 1, 0, 30, 7, 15, 0, 22, 2, 30, 3, 1, 0, 4, 1, 30, 3, 19, 0, 22, 0, 30, 13, 9, 0, 22, 0, 30, 9, 1, 0, 10, 1, -15, 3, 1]",1.0,0.8804434545032839,0.5,1.0,152.07552886009216
96,"[2, 0, 27, 1, 30, 4, 11, 0, 15, 2, 30, 1, 1, 0, 2, 0, 30, 7, 8, 0, 15, 1, 30, 7, 8, 0, 15, 5, 30, 6, 0, 0, 6, 1, -15, 3, 1]","[2, 2, 1, 0, 30, 11, 10, 0, 21, 0, 30, 8, 0, 0, 8, 1, 30, 10, 11, 0, 21, 3, 30, 8, 13, 0, 21, 0, 30, 9, 1, 0, 10, 1, -15, 3, 1]",1.0,0.9675992873039497,0.1,1.0,139.07571864128113
98,"[2, 3, 23, 0, 30, 2, 3, 0, 5, 1, 30, 4, 0, 0, 4, 2, 30, 5, 0, 0, 5, 0, 30, 0, 5, 0, 5, 1, 30, 2, 0, 0, 2, 1, -15, 3, 1]","[2, 2, 1, 0, 30, 3, 12, 0, 15, 0, 30, 9, 1, 0, 10, 1, 30, 1, 14, 0, 15, 0, 30, 9, 6, 0, 15, 0, 30, 7, 2, 0, 9, 1, -15, 3, 1]",1.0,0.9909066151297276,0.2,1.0,153.3195652961731
98,"[2, 3, 23, 0, 30, 2, 3, 0, 5, 1, 30, 4, 0, 0, 4, 2, 30, 5, 0, 0, 5, 0, 30, 0, 5, 0, 5, 1, 30, 2, 0, 0, 2, 1, -15, 3, 1]","[2, 2, 1, 0, 30, 3, 12, 0, 15, 0, 30, 9, 1, 0, 10, 1, 30, 1, 14, 0, 15, 0, 30, 9, 6, 0, 15, 0, 30, 7, 2, 0, 9, 1, -15, 3, 1]",1.0,0.9811769573890231,0.4,1.0,153.3195652961731
98,"[2, 3, 23, 0, 30, 2, 3, 0, 5, 1, 30, 4, 0, 0, 4, 2, 30, 5, 0, 0, 5, 0, 30, 0, 5, 0, 5, 1, 30, 2, 0, 0, 2, 1, -15, 3, 1]","[2, 2, 1, 0, 30, 3, 12, 0, 15, 0, 30, 9, 1, 0, 10, 1, 30, 1, 14, 0, 15, 0, 30, 9, 6, 0, 15, 0, 30, 7, 2, 0, 9, 1, -15, 3, 1]",1.0,0.9831450840753813,0.3,1.0,153.3195652961731
98,"[2, 3, 23, 0, 30, 2, 3, 0, 5, 1, 30, 4, 0, 0, 4, 2, 30, 5, 0, 0, 5, 0, 30, 0, 5, 0, 5, 1, 30, 2, 0, 0, 2, 1, -15, 3, 1]","[2, 2, 1, 0, 30, 3, 12, 0, 15, 0, 30, 9, 1, 0, 10, 0, 30, 1, 14, 0, 15, 1, 30, 10, 5, 0, 15, 2, 30, 7, 2, 0, 9, 1, -15, 3, 1]",1.0,0.9948184733818636,0.1,1.0,153.3195652961731
98,"[2, 3, 23, 0, 30, 2, 3, 0, 5, 1, 30, 4, 0, 0, 4, 2, 30, 5, 0, 0, 5, 0, 30, 0, 5, 0, 5, 1, 30, 2, 0, 0, 2, 1, -15, 3, 1]","[2, 2, 1, 0, 30, 3, 12, 0, 15, 0, 30, 9, 1, 0, 10, 1, 30, 1, 14, 0, 15, 0, 30, 9, 6, 0, 15, 0, 30, 7, 2, 0, 9, 1, -15, 3, 1]",1.0,0.9762776678581219,1.0,1.0,153.3195652961731
99,"[2, 4, 10, 0, 30, 2, 7, 0, 9, 2, 30, 3, 1, 0, 4, 0, 30, 8, 1, 0, 9, 0, 30, 0, 9, 0, 9, 2, 30, 5, 0, 0, 5, 1, -15, 3, 1]","[2, 3, 1, 0, 30, 7, 3, 0, 10, 6, 30, 2, 0, 0, 2, 1, 30, 4, 6, 0, 10, 0, 30, 10, 0, 0, 10, 6, 30, 6, 0, 0, 6, 0, -27, 3, 0]",1.0,0.9307839646136674,0.1,1.0,118.1511447429657
99,"[2, 4, 10, 0, 30, 2, 7, 0, 9, 2, 30, 3, 1, 0, 4, 0, 30, 8, 1, 0, 9, 0, 30, 0, 9, 0, 9, 2, 30, 5, 0, 0, 5, 1, -15, 3, 1]","[2, 3, 1, 0, 30, 7, 3, 0, 10, 4, 30, 2, 0, 0, 2, 1, 30, 6, 4, 0, 10, 0, 30, 4, 6, 0, 10, 6, 30, 6, 0, 0, 6, 0, -27, 3, 0]",1.0,0.8934590649734054,0.2,1.0,118.1511447429657
